video_id,subject,action,start,end,confidence,camera
0291-L,291,28,271,389,2,1
0291-L,291,7,545,798,1,1
0291-L,291,15,930,1083,2,1
0291-L,291,38,1164,1315,2,1
0291-L,291,39,1446,1724,2,1
0291-L,291,29,1730,1809,2,1
0291-L,291,13,1958,2078,2,1
0291-L,291,11,2247,2362,2,1
0291-L,291,47,2783,2929,2,1
0291-L,291,51,3147,3375,2,1
0291-L,291,3,3649,3833,2,1
0291-L,291,5,4032,4198,2,1
0291-L,291,31,4240,4318,2,1
0291-L,291,19,4500,4580,2,1
0291-L,291,9,4830,4863,2,1
0291-L,291,10,5085,5238,2,1
0291-L,291,38,5373,5455,2,1
0291-L,291,20,5521,5659,2,1
0291-L,291,29,5669,5759,2,1
0291-L,291,4,5800,6019,2,1
0291-L,291,8,6088,6164,2,1
0291-L,291,35,6296,6388,2,1
0291-M,291,28,271,402,2,2
0291-M,291,7,546,798,1,2
0291-M,291,15,930,1083,2,2
0291-M,291,38,1165,1315,2,2
0291-M,291,39,1446,1724,2,2
0291-M,291,29,1730,1809,2,2
0291-M,291,13,1958,2078,2,2
0291-M,291,11,2251,2356,2,2
0291-M,291,47,2780,2923,2,2
0291-M,291,51,3147,3371,2,2
0291-M,291,3,3643,3824,2,2
0291-M,291,5,4022,4173,2,2
0291-M,291,31,4234,4313,2,2
0291-M,291,19,4500,4580,2,2
0291-M,291,9,4824,4859,2,2
0291-M,291,10,5088,5232,2,2
0291-M,291,38,5370,5449,2,2
0291-M,291,20,5518,5656,2,2
0291-M,291,29,5662,5755,2,2
0291-M,291,4,5794,6016,2,2
0291-M,291,8,6086,6161,2,2
0291-M,291,35,6296,6388,2,2
0291-R,291,28,236,350,2,3
0291-R,291,7,480,698,1,3
0291-R,291,15,811,939,2,3
0291-R,291,38,1013,1143,2,3
0291-R,291,39,1254,1497,2,3
0291-R,291,29,1500,1571,2,3
0291-R,291,13,1698,1801,2,3
0291-R,291,11,1940,1993,2,3
0291-R,291,47,2377,2493,2,3
0291-R,291,51,2673,2847,2,3
0291-R,291,3,3072,3230,2,3
0291-R,291,5,3392,3520,2,3
0291-R,291,31,3568,3628,2,3
0291-R,291,19,3769,3854,2,3
0291-R,291,9,4034,4057,2,3
0291-R,291,10,4241,4360,2,3
0291-R,291,38,4471,4543,2,3
0291-R,291,20,4596,4708,2,3
0291-R,291,29,4718,4796,2,3
0291-R,291,4,4823,5004,2,3
0291-R,291,8,5061,5118,2,3
0291-R,291,35,5230,5303,2,3
0292-L,292,42,123,393,2,1
0292-L,292,44,645,753,2,1
0292-L,292,30,1001,1173,2,1
0292-L,292,37,1634,2242,2,1
0292-L,292,2,2368,2517,2,1
0292-L,292,41,2719,2865,2,1
0292-L,292,48,2910,3650,2,1
0292-L,292,32,3656,3711,1,1
0292-L,292,22,4025,4108,2,1
0292-L,292,33,4240,4276,2,1
0292-L,292,6,4400,4456,2,1
0292-L,292,34,4505,4526,2,1
0292-L,292,46,4690,4823,2,1
0292-L,292,1,4994,5058,2,1
0292-L,292,45,5148,5263,2,1
0292-L,292,38,5475,5553,2,1
0292-L,292,23,5569,5718,2,1
0292-L,292,29,5728,5799,2,1
0292-L,292,50,5858,6023,2,1
0292-L,292,17,6092,6155,2,1
0292-M,292,42,122,374,2,2
0292-M,292,44,647,761,2,2
0292-M,292,30,954,1173,2,2
0292-M,292,37,1634,2239,2,2
0292-M,292,2,2366,2518,2,2
0292-M,292,41,2720,2827,2,2
0292-M,292,48,2913,3650,2,2
0292-M,292,32,3652,3711,1,2
0292-M,292,22,4025,4108,2,2
0292-M,292,33,4245,4270,2,2
0292-M,292,6,4409,4456,2,2
0292-M,292,34,4514,4534,2,2
0292-M,292,46,4698,4827,2,2
0292-M,292,1,5004,5069,2,2
0292-M,292,45,5166,5284,2,2
0292-M,292,38,5494,5576,2,2
0292-M,292,23,5590,5738,2,2
0292-M,292,29,5743,5812,2,2
0292-M,292,50,5858,6023,2,2
0292-M,292,17,6092,6193,2,2
0292-R,292,42,112,363,2,3
0292-R,292,44,574,671,2,3
0292-R,292,30,851,1040,2,3
0292-R,292,37,1472,1940,2,3
0292-R,292,2,2047,2166,2,3
0292-R,292,41,2349,2409,2,3
0292-R,292,48,2537,3069,2,3
0292-R,292,32,3070,3109,1,3
0292-R,292,22,3366,3437,2,3
0292-R,292,33,3525,3553,2,3
0292-R,292,6,3645,3687,2,3
0292-R,292,34,3730,3743,2,3
0292-R,292,46,3866,3953,2,3
0292-R,292,1,4093,4149,2,3
0292-R,292,45,4212,4326,2,3
0292-R,292,38,4470,4534,2,3
0292-R,292,23,4544,4658,2,3
0292-R,292,29,4663,4728,2,3
0292-R,292,50,4778,4887,2,3
0292-R,292,17,4949,5000,2,3
0293-L,293,38,101,229,2,1
0293-L,293,20,292,397,2,1
0293-L,293,29,403,498,2,1
0293-L,293,44,612,740,2,1
0293-L,293,36,777,839,2,1
0293-L,293,49,940,1059,2,1
0293-L,293,45,1130,1226,2,1
0293-L,293,11,1418,1462,2,1
0293-L,293,10,1700,1875,2,1
0293-L,293,13,2007,2158,2,1
0293-L,293,31,2270,2447,2,1
0293-L,293,30,2534,2701,2,1
0293-L,293,19,2955,3026,2,1
0293-L,293,38,3187,3285,2,1
0293-L,293,39,3325,3430,2,1
0293-L,293,29,3433,3514,2,1
0293-L,293,43,3761,3940,2,1
0293-L,293,41,4025,4134,1,1
0293-L,293,47,4302,4378,2,1
0293-L,293,2,4666,4790,2,1
0293-L,293,9,4977,5006,2,1
0293-L,293,5,5143,5226,2,1
0293-L,293,1,5301,5365,2,1
0293-L,293,8,5449,5543,2,1
0293-M,293,38,110,257,2,2
0293-M,293,20,292,394,2,2
0293-M,293,29,406,499,2,2
0293-M,293,44,607,715,2,2
0293-M,293,36,778,839,2,2
0293-M,293,49,942,1061,2,2
0293-M,293,45,1131,1226,2,2
0293-M,293,11,1416,1462,2,2
0293-M,293,10,1701,1870,2,2
0293-M,293,13,2007,2158,2,2
0293-M,293,31,2266,2451,2,2
0293-M,293,30,2533,2694,2,2
0293-M,293,19,2935,3026,2,2
0293-M,293,38,3180,3282,2,2
0293-M,293,39,3316,3427,2,2
0293-M,293,29,3431,3501,2,2
0293-M,293,43,3756,3940,2,2
0293-M,293,41,4018,4130,1,2
0293-M,293,47,4296,4371,2,2
0293-M,293,2,4652,4777,2,2
0293-M,293,9,4968,4996,2,2
0293-M,293,5,5131,5196,2,2
0293-M,293,1,5291,5354,2,2
0293-M,293,8,5442,5532,2,2
0293-R,293,38,103,207,2,3
0293-R,293,20,261,356,2,3
0293-R,293,29,358,447,2,3
0293-R,293,44,539,622,2,3
0293-R,293,36,683,735,2,3
0293-R,293,49,829,937,2,3
0293-R,293,45,993,1074,2,3
0293-R,293,11,1242,1276,2,3
0293-R,293,10,1489,1634,2,3
0293-R,293,13,1745,1885,2,3
0293-R,293,31,1964,2112,2,3
0293-R,293,30,2198,2310,0,3
0293-R,293,19,2516,2582,2,3
0293-R,293,38,2704,2785,2,3
0293-R,293,39,2811,2903,2,3
0293-R,293,29,2909,2968,2,3
0293-R,293,43,3163,3294,2,3
0293-R,293,41,3374,3448,1,3
0293-R,293,47,3583,3639,2,3
0293-R,293,2,3866,3964,2,3
0293-R,293,9,4099,4124,2,3
0293-R,293,5,4233,4284,2,3
0293-R,293,1,4359,4419,2,3
0293-R,293,8,4478,4544,2,3
0294-L,294,22,109,189,2,1
0294-L,294,28,349,520,2,1
0294-L,294,3,651,757,2,1
0294-L,294,35,852,923,2,1
0294-L,294,6,1112,1197,2,1
0294-L,294,33,1333,1390,2,1
0294-L,294,34,1482,1512,2,1
0294-L,294,7,1596,1655,2,1
0294-L,294,46,1835,1868,2,1
0294-L,294,38,2134,2185,2,1
0294-L,294,23,2230,2378,2,1
0294-L,294,29,2381,2476,2,1
0294-L,294,50,2602,2679,2,1
0294-L,294,15,2782,2856,2,1
0294-L,294,51,3036,3108,2,1
0294-L,294,4,3248,3312,2,1
0294-L,294,25,3428,3507,2,1
0294-L,294,32,3603,3660,2,1
0294-L,294,42,3785,3974,2,1
0294-L,294,17,3975,4038,2,1
0294-L,294,33,4219,4287,2,1
0294-L,294,6,4354,4408,2,1
0294-L,294,34,4508,4531,2,1
0294-M,294,22,109,189,2,2
0294-M,294,28,349,520,2,2
0294-M,294,3,653,761,2,2
0294-M,294,35,852,923,2,2
0294-M,294,6,1117,1184,2,2
0294-M,294,33,1332,1390,2,2
0294-M,294,34,1488,1517,2,2
0294-M,294,7,1601,1665,2,2
0294-M,294,46,1839,1868,2,2
0294-M,294,38,2134,2185,2,2
0294-M,294,23,2232,2378,2,2
0294-M,294,29,2392,2487,2,2
0294-M,294,50,2602,2679,2,2
0294-M,294,15,2782,2856,2,2
0294-M,294,51,3038,3116,2,2
0294-M,294,4,3253,3310,2,2
0294-M,294,25,3428,3507,2,2
0294-M,294,32,3612,3671,2,2
0294-M,294,42,3798,3974,2,2
0294-M,294,17,3975,4038,2,2
0294-M,294,33,4228,4294,2,2
0294-M,294,6,4359,4423,2,2
0294-M,294,34,4512,4535,2,2
0294-R,294,22,109,189,2,3
0294-R,294,28,324,480,2,3
0294-R,294,3,585,677,2,3
0294-R,294,35,755,819,2,3
0294-R,294,6,990,1051,2,3
0294-R,294,33,1197,1236,2,3
0294-R,294,34,1318,1340,2,3
0294-R,294,7,1414,1467,2,3
0294-R,294,46,1618,1645,2,3
0294-R,294,38,1820,1918,2,3
0294-R,294,23,1947,2078,2,3
0294-R,294,29,2083,2166,2,3
0294-R,294,50,2246,2335,2,3
0294-R,294,15,2395,2475,2,3
0294-R,294,51,2609,2669,2,3
0294-R,294,4,2788,2837,2,3
0294-R,294,25,2935,3004,2,3
0294-R,294,32,3073,3124,2,3
0294-R,294,42,3229,3362,2,3
0294-R,294,17,3363,3448,2,3
0294-R,294,33,3584,3631,2,3
0294-R,294,6,3686,3732,2,3
0294-R,294,34,3800,3816,2,3
0295-L,295,28,222,361,2,1
0295-L,295,7,550,631,2,1
0295-L,295,13,797,913,2,1
0295-L,295,35,1032,1136,2,1
0295-L,295,11,1306,1336,2,1
0295-L,295,47,1605,1761,2,1
0295-L,295,51,1934,2068,2,1
0295-L,295,3,2290,2438,2,1
0295-L,295,5,2580,2682,2,1
0295-L,295,31,2792,2907,2,1
0295-L,295,19,3070,3124,2,1
0295-L,295,22,3848,3946,2,1
0295-L,295,9,3990,4010,2,1
0295-L,295,10,4293,4553,2,1
0295-L,295,4,4671,4759,2,1
0295-L,295,40,4942,5120,2,1
0295-L,295,8,5319,5431,2,1
0295-L,295,49,5588,5689,2,1
0295-L,295,30,5845,6048,2,1
0295-L,295,36,6112,6178,2,1
0295-M,295,28,222,359,2,2
0295-M,295,7,552,634,2,2
0295-M,295,13,797,913,2,2
0295-M,295,35,1033,1137,2,2
0295-M,295,11,1297,1346,2,2
0295-M,295,47,1601,1758,2,2
0295-M,295,51,1930,2066,2,2
0295-M,295,3,2285,2433,2,2
0295-M,295,5,2574,2675,2,2
0295-M,295,31,2784,2898,2,2
0295-M,295,19,3070,3124,2,2
0295-M,295,22,3848,3946,2,2
0295-M,295,9,3977,3999,2,2
0295-M,295,10,4270,4532,2,2
0295-M,295,4,4649,4772,2,2
0295-M,295,40,4918,5100,2,2
0295-M,295,8,5301,5412,2,2
0295-M,295,49,5566,5663,2,2
0295-M,295,30,5815,6024,2,2
0295-M,295,36,6086,6154,2,2
0295-R,295,28,202,324,2,3
0295-R,295,7,506,577,2,3
0295-R,295,13,697,837,2,3
0295-R,295,35,932,1019,2,3
0295-R,295,11,1163,1200,2,3
0295-R,295,47,1424,1557,2,3
0295-R,295,51,1704,1823,2,3
0295-R,295,3,2005,2123,2,3
0295-R,295,5,2241,2321,2,3
0295-R,295,31,2410,2504,2,3
0295-R,295,19,2632,2679,2,3
0295-R,295,22,3265,3339,2,3
0295-R,295,9,3373,3395,2,3
0295-R,295,10,3610,3818,2,3
0295-R,295,4,3917,3987,2,3
0295-R,295,40,4129,4268,2,3
0295-R,295,8,4426,4514,2,3
0295-R,295,49,4603,4720,2,3
0295-R,295,30,4839,5000,2,3
0295-R,295,36,5052,5104,2,3
0296-L,296,42,337,527,2,1
0296-L,296,44,580,748,2,1
0296-L,296,48,888,1397,2,1
0296-L,296,47,1491,1614,2,1
0296-L,296,37,1763,2032,2,1
0296-L,296,38,2089,2258,1,1
0296-L,296,23,2367,2552,2,1
0296-L,296,39,2655,2750,2,1
0296-L,296,20,2888,3055,2,1
0296-L,296,29,3180,3349,2,1
0296-L,296,2,3568,3768,2,1
0296-L,296,43,3914,4053,2,1
0296-L,296,41,4140,4219,2,1
0296-L,296,32,4303,4405,2,1
0296-L,296,25,4500,4644,2,1
0296-L,296,22,4799,4897,2,1
0296-L,296,33,5048,5095,2,1
0296-L,296,34,5199,5215,2,1
0296-L,296,6,5347,5424,2,1
0296-L,296,46,5560,5682,2,1
0296-L,296,45,5775,5920,2,1
0296-L,296,50,5938,6053,2,1
0296-L,296,17,6147,6202,2,1
0296-M,296,42,329,538,2,2
0296-M,296,44,584,748,2,2
0296-M,296,48,888,1367,2,2
0296-M,296,47,1489,1617,2,2
0296-M,296,37,1763,2032,2,2
0296-M,296,38,2089,2257,1,2
0296-M,296,23,2367,2553,2,2
0296-M,296,39,2655,2750,2,2
0296-M,296,20,2888,3052,2,2
0296-M,296,29,3180,3343,2,2
0296-M,296,2,3564,3758,2,2
0296-M,296,43,3906,4052,2,2
0296-M,296,41,4131,4212,2,2
0296-M,296,32,4295,4399,2,2
0296-M,296,25,4500,4644,2,2
0296-M,296,22,4789,4897,2,2
0296-M,296,33,5037,5086,2,2
0296-M,296,34,5196,5211,2,2
0296-M,296,6,5340,5416,2,2
0296-M,296,46,5552,5672,2,2
0296-M,296,45,5765,5915,2,2
0296-M,296,50,5938,6053,2,2
0296-M,296,17,6140,6202,2,2
0296-R,296,42,297,453,2,3
0296-R,296,44,529,672,2,3
0296-R,296,48,798,1220,2,3
0296-R,296,47,1324,1427,2,3
0296-R,296,37,1558,1737,2,3
0296-R,296,38,1841,1984,1,3
0296-R,296,23,2070,2229,2,3
0296-R,296,39,2312,2390,2,3
0296-R,296,20,2502,2639,2,3
0296-R,296,29,2746,2877,2,3
0296-R,296,2,3056,3215,2,3
0296-R,296,43,3333,3447,2,3
0296-R,296,41,3513,3576,2,3
0296-R,296,32,3643,3724,2,3
0296-R,296,25,3810,3922,2,3
0296-R,296,22,4034,4120,2,3
0296-R,296,33,4223,4254,2,3
0296-R,296,34,4340,4351,2,3
0296-R,296,6,4453,4514,2,3
0296-R,296,46,4624,4729,2,3
0296-R,296,45,4803,4922,2,3
0296-R,296,50,4944,5039,2,3
0296-R,296,17,5101,5179,2,3
0297-L,297,38,141,224,2,1
0297-L,297,20,310,444,2,1
0297-L,297,39,524,637,2,1
0297-L,297,23,745,916,2,1
0297-L,297,29,1047,1115,2,1
0297-L,297,44,1211,1364,2,1
0297-L,297,49,1526,1635,2,1
0297-L,297,46,1818,1900,2,1
0297-L,297,30,2059,2290,2,1
0297-L,297,51,2469,2631,2,1
0297-L,297,36,2780,2847,2,1
0297-L,297,10,3059,3286,2,1
0297-L,297,13,3417,3513,2,1
0297-L,297,31,3588,3698,2,1
0297-L,297,19,3839,3877,2,1
0297-L,297,43,4025,4164,2,1
0297-L,297,41,4287,4352,2,1
0297-L,297,47,4497,4629,2,1
0297-L,297,2,4768,4955,2,1
0297-L,297,48,5053,5419,2,1
0297-L,297,9,5686,5728,2,1
0297-L,297,5,5849,5950,2,1
0297-L,297,1,6025,6089,2,1
0297-L,297,37,6171,6377,2,1
0297-L,297,8,6584,6711,2,1
0297-M,297,38,141,220,2,2
0297-M,297,20,323,453,2,2
0297-M,297,39,537,668,2,2
0297-M,297,23,766,960,2,2
0297-M,297,29,1092,1169,2,2
0297-M,297,44,1292,1454,2,2
0297-M,297,49,1606,1712,2,2
0297-M,297,46,1896,1976,2,2
0297-M,297,30,2134,2360,2,2
0297-M,297,51,2542,2703,2,2
0297-M,297,36,2847,2919,2,2
0297-M,297,10,3122,3349,2,2
0297-M,297,13,3474,3586,2,2
0297-M,297,31,3645,3757,2,2
0297-M,297,19,3839,3947,2,2
0297-M,297,43,4086,4227,2,2
0297-M,297,41,4327,4384,2,2
0297-M,297,47,4536,4670,2,2
0297-M,297,2,4806,4951,2,2
0297-M,297,48,5093,5429,2,2
0297-M,297,9,5703,5753,2,2
0297-M,297,5,5870,5969,2,2
0297-M,297,1,6050,6110,2,2
0297-M,297,37,6183,6388,2,2
0297-M,297,8,6588,6716,2,2
0297-R,297,38,153,219,2,3
0297-R,297,20,305,433,2,3
0297-R,297,39,509,630,2,3
0297-R,297,23,724,904,2,3
0297-R,297,29,1009,1076,2,3
0297-R,297,44,1183,1292,2,3
0297-R,297,49,1445,1533,2,3
0297-R,297,46,1695,1763,2,3
0297-R,297,30,1891,2079,2,3
0297-R,297,51,2227,2349,2,3
0297-R,297,36,2464,2521,2,3
0297-R,297,10,2681,2864,2,3
0297-R,297,13,2969,3044,2,3
0297-R,297,31,3101,3194,2,3
0297-R,297,19,3255,3354,2,3
0297-R,297,43,3464,3559,2,3
0297-R,297,41,3654,3688,2,3
0297-R,297,47,3815,3911,2,3
0297-R,297,2,4021,4136,2,3
0297-R,297,48,4260,4514,2,3
0297-R,297,9,4730,4767,2,3
0297-R,297,5,4864,4943,2,3
0297-R,297,1,5004,5052,2,3
0297-R,297,37,5114,5276,2,3
0297-R,297,8,5436,5533,2,3
0298-L,298,22,87,182,2,1
0298-L,298,11,287,318,2,1
0298-L,298,28,582,686,2,1
0298-L,298,3,820,955,2,1
0298-L,298,6,1012,1099,2,1
0298-L,298,7,1174,1240,2,1
0298-L,298,33,1388,1437,2,1
0298-L,298,34,1542,1559,2,1
0298-L,298,35,1733,1810,2,1
0298-L,298,38,2000,2061,2,1
0298-L,298,23,2153,2318,2,1
0298-L,298,29,2442,2487,2,1
0298-L,298,33,2675,2712,2,1
0298-L,298,34,2841,2856,2,1
0298-L,298,46,3044,3174,2,1
0298-L,298,50,3325,3434,2,1
0298-L,298,15,3572,3650,2,1
0298-L,298,51,3832,4028,2,1
0298-L,298,4,4187,4304,2,1
0298-L,298,25,4433,4553,2,1
0298-L,298,32,4660,4800,2,1
0298-L,298,42,4920,5087,2,1
0298-L,298,17,5231,5315,2,1
0298-L,298,40,5485,5662,2,1
0298-M,298,22,87,212,2,2
0298-M,298,11,322,351,2,2
0298-M,298,28,603,717,2,2
0298-M,298,3,875,1013,2,2
0298-M,298,6,1098,1191,2,2
0298-M,298,7,1267,1339,2,2
0298-M,298,33,1481,1529,2,2
0298-M,298,34,1638,1656,2,2
0298-M,298,35,1828,1901,2,2
0298-M,298,38,2091,2154,2,2
0298-M,298,23,2245,2407,2,2
0298-M,298,29,2529,2575,2,2
0298-M,298,33,2758,2794,2,2
0298-M,298,34,2922,2939,2,2
0298-M,298,46,3122,3269,2,2
0298-M,298,50,3400,3514,2,2
0298-M,298,15,3602,3718,2,2
0298-M,298,51,3902,4094,2,2
0298-M,298,4,4254,4365,2,2
0298-M,298,25,4502,4629,2,2
0298-M,298,32,4720,4860,2,2
0298-M,298,42,4978,5153,2,2
0298-M,298,17,5286,5367,2,2
0298-M,298,40,5536,5717,2,2
0298-R,298,22,87,212,2,3
0298-R,298,11,320,355,2,3
0298-R,298,28,625,716,2,3
0298-R,298,3,863,984,2,3
0298-R,298,6,1055,1139,2,3
0298-R,298,7,1205,1266,2,3
0298-R,298,33,1396,1436,2,3
0298-R,298,34,1529,1544,2,3
0298-R,298,35,1689,1749,2,3
0298-R,298,38,1912,1965,2,3
0298-R,298,23,2035,2170,2,3
0298-R,298,29,2272,2316,2,3
0298-R,298,33,2457,2483,2,3
0298-R,298,34,2586,2599,2,3
0298-R,298,46,2750,2851,2,3
0298-R,298,50,2968,3062,2,3
0298-R,298,15,3152,3235,2,3
0298-R,298,51,3372,3524,2,3
0298-R,298,4,3653,3738,2,3
0298-R,298,25,3849,3962,2,3
0298-R,298,32,4031,4142,2,3
0298-R,298,42,4271,4370,2,3
0298-R,298,17,4471,4558,2,3
0298-R,298,40,4676,4828,2,3
0299-L,299,16,302,434,2,1
0299-L,299,27,611,699,2,1
0299-L,299,18,964,1012,2,1
0299-L,299,24,1179,1270,2,1
0299-L,299,26,1474,1511,2,1
0299-L,299,12,1784,1871,2,1
0299-L,299,21,1995,2074,1,1
0299-L,299,14,2207,2318,2,1
0299-M,299,16,302,452,2,2
0299-M,299,27,610,704,2,2
0299-M,299,18,964,1012,2,2
0299-M,299,24,1179,1270,2,2
0299-M,299,26,1474,1511,2,2
0299-M,299,12,1784,1875,2,2
0299-M,299,21,1995,2074,1,2
0299-M,299,14,2207,2318,2,2
0299-R,299,16,274,396,2,3
0299-R,299,27,534,614,2,3
0299-R,299,18,841,881,2,3
0299-R,299,24,1022,1103,2,3
0299-R,299,26,1281,1313,2,3
0299-R,299,12,1542,1614,2,3
0299-R,299,21,1719,1785,1,3
0299-R,299,14,1897,2009,2,3
0300-L,300,27,161,213,2,1
0300-L,300,18,395,432,2,1
0300-L,300,26,605,651,2,1
0300-L,300,21,877,949,2,1
0300-L,300,24,1055,1107,2,1
0300-L,300,18,1326,1388,2,1
0300-L,300,12,1527,1611,2,1
0300-L,300,14,1720,1822,2,1
0300-L,300,16,1899,2047,2,1
0300-M,300,27,164,213,2,2
0300-M,300,18,395,433,2,2
0300-M,300,26,605,651,2,2
0300-M,300,21,880,950,2,2
0300-M,300,24,1056,1110,2,2
0300-M,300,18,1329,1392,2,2
0300-M,300,12,1525,1614,2,2
0300-M,300,14,1717,1823,2,2
0300-M,300,16,1904,2050,2,2
0300-R,300,27,135,174,2,3
0300-R,300,18,332,363,2,3
0300-R,300,26,512,552,2,3
0300-R,300,21,751,810,2,3
0300-R,300,24,903,946,2,3
0300-R,300,18,1133,1185,2,3
0300-R,300,12,1309,1380,2,3
0300-R,300,14,1468,1553,2,3
0300-R,300,16,1621,1743,2,3
0301-L,301,28,200,279,2,1
0301-L,301,35,304,399,2,1
0301-L,301,48,402,568,2,1
0301-L,301,15,867,921,2,1
0301-L,301,37,1026,1168,2,1
0301-L,301,13,1645,1709,2,1
0301-L,301,38,1804,1955,2,1
0301-L,301,39,2029,2220,2,1
0301-L,301,29,2319,2404,2,1
0301-L,301,11,2515,2564,2,1
0301-L,301,47,2851,2999,2,1
0301-L,301,51,3165,3313,2,1
0301-L,301,3,3449,3612,2,1
0301-L,301,5,3763,3844,2,1
0301-L,301,31,3911,4020,2,1
0301-L,301,19,4156,4189,2,1
0301-L,301,9,4479,4497,2,1
0301-L,301,10,4699,4983,2,1
0301-L,301,4,5142,5219,2,1
0301-L,301,8,5374,5508,2,1
0301-L,301,36,5593,5703,2,1
0301-L,301,49,5844,5969,2,1
0301-L,301,40,6698,6823,2,1
0301-M,301,28,200,282,2,2
0301-M,301,35,304,399,2,2
0301-M,301,48,402,572,2,2
0301-M,301,15,867,921,2,2
0301-M,301,37,1030,1165,2,2
0301-M,301,13,1645,1709,2,2
0301-M,301,38,1791,1959,2,2
0301-M,301,39,2021,2214,2,2
0301-M,301,29,2303,2397,2,2
0301-M,301,11,2515,2565,2,2
0301-M,301,47,2846,2987,2,2
0301-M,301,51,3149,3298,2,2
0301-M,301,3,3426,3593,2,2
0301-M,301,5,3744,3825,2,2
0301-M,301,31,3891,4000,2,2
0301-M,301,19,4117,4173,2,2
0301-M,301,9,4451,4483,2,2
0301-M,301,10,4665,4949,2,2
0301-M,301,4,5100,5175,2,2
0301-M,301,8,5332,5460,2,2
0301-M,301,36,5545,5650,2,2
0301-M,301,49,5792,5919,2,2
0301-M,301,40,6634,6751,2,2
0301-R,301,28,190,260,2,3
0301-R,301,35,269,339,2,3
0301-R,301,48,365,521,2,3
0301-R,301,15,789,845,2,3
0301-R,301,37,929,1060,2,3
0301-R,301,13,1471,1552,2,3
0301-R,301,38,1607,1738,2,3
0301-R,301,39,1798,1958,2,3
0301-R,301,29,2030,2109,2,3
0301-R,301,11,2196,2227,2,3
0301-R,301,47,2465,2583,2,3
0301-R,301,51,2719,2836,2,3
0301-R,301,3,2945,3082,2,3
0301-R,301,5,3213,3277,2,3
0301-R,301,31,3334,3422,2,3
0301-R,301,19,3522,3560,2,3
0301-R,301,9,3769,3790,2,3
0301-R,301,10,3950,4165,2,3
0301-R,301,4,4290,4350,2,3
0301-R,301,8,4475,4579,2,3
0301-R,301,36,4645,4738,2,3
0301-R,301,49,4852,4950,2,3
0301-R,301,40,5522,5623,2,3
0302-L,302,42,156,234,2,1
0302-L,302,44,327,396,0,1
0302-L,302,28,578,694,2,1
0302-L,302,30,816,1021,2,1
0302-L,302,43,1128,1224,2,1
0302-L,302,35,1280,1362,2,1
0302-L,302,2,1625,1802,2,1
0302-L,302,41,2000,2058,2,1
0302-L,302,32,2116,2179,2,1
0302-L,302,25,2271,2340,2,1
0302-L,302,22,2440,2524,2,1
0302-L,302,33,2725,2748,2,1
0302-L,302,6,2835,2886,2,1
0302-L,302,34,2984,3001,2,1
0302-L,302,46,3225,3311,2,1
0302-L,302,1,3472,3531,2,1
0302-L,302,45,3637,3744,2,1
0302-L,302,38,3849,3909,2,1
0302-L,302,23,4009,4152,2,1
0302-L,302,20,4283,4419,2,1
0302-L,302,29,4497,4592,2,1
0302-L,302,50,4638,4719,2,1
0302-L,302,17,4801,4910,2,1
0302-L,302,8,5083,5214,2,1
0302-M,302,42,161,247,2,2
0302-M,302,44,347,440,0,2
0302-M,302,28,608,750,2,2
0302-M,302,30,874,1095,2,2
0302-M,302,43,1204,1308,2,2
0302-M,302,35,1364,1446,2,2
0302-M,302,2,1711,1898,2,2
0302-M,302,41,2078,2139,2,2
0302-M,302,32,2205,2273,2,2
0302-M,302,25,2347,2430,2,2
0302-M,302,22,2546,2625,2,2
0302-M,302,33,2818,2838,2,2
0302-M,302,6,2926,2984,2,2
0302-M,302,34,3077,3094,2,2
0302-M,302,46,3322,3412,2,2
0302-M,302,1,3578,3624,2,2
0302-M,302,45,3737,3873,2,2
0302-M,302,38,3946,4020,2,2
0302-M,302,23,4107,4246,2,2
0302-M,302,20,4373,4512,2,2
0302-M,302,29,4591,4685,2,2
0302-M,302,50,4741,4825,2,2
0302-M,302,17,4891,5005,2,2
0302-M,302,8,5181,5314,2,2
0302-R,302,42,170,247,2,3
0302-R,302,44,342,416,0,3
0302-R,302,28,588,706,2,3
0302-R,302,30,816,1011,2,3
0302-R,302,43,1109,1200,2,3
0302-R,302,35,1244,1314,2,3
0302-R,302,2,1541,1698,2,3
0302-R,302,41,1851,1892,2,3
0302-R,302,32,1953,2005,2,3
0302-R,302,25,2084,2143,2,3
0302-R,302,22,2223,2293,2,3
0302-R,302,33,2437,2457,2,3
0302-R,302,6,2528,2550,2,3
0302-R,302,34,2635,2647,2,3
0302-R,302,46,2821,2897,2,3
0302-R,302,1,3024,3071,2,3
0302-R,302,45,3154,3239,2,3
0302-R,302,38,3320,3372,2,3
0302-R,302,23,3451,3558,2,3
0302-R,302,20,3658,3758,2,3
0302-R,302,29,3812,3886,2,3
0302-R,302,50,3921,4001,2,3
0302-R,302,17,4042,4125,2,3
0302-R,302,8,4260,4359,2,3
0303-L,303,38,407,476,2,1
0303-L,303,20,545,678,2,1
0303-L,303,23,763,939,2,1
0303-L,303,39,1010,1113,2,1
0303-L,303,29,1205,1287,2,1
0303-L,303,48,1453,1633,2,1
0303-L,303,44,1702,1804,0,1
0303-L,303,36,1907,1992,2,1
0303-L,303,49,2066,2170,2,1
0303-L,303,45,2281,2469,2,1
0303-L,303,37,2658,2791,2,1
0303-L,303,11,2950,2981,2,1
0303-L,303,10,3349,3549,2,1
0303-L,303,13,3701,3770,2,1
0303-L,303,31,3885,3997,2,1
0303-L,303,30,4153,4321,2,1
0303-L,303,19,4428,4464,2,1
0303-L,303,43,4609,4723,2,1
0303-L,303,41,4857,4907,2,1
0303-L,303,47,5050,5190,2,1
0303-L,303,2,5318,5432,2,1
0303-L,303,9,5635,5664,2,1
0303-L,303,5,5796,5867,2,1
0303-L,303,1,5933,5990,2,1
0303-L,303,8,6152,6309,2,1
0303-M,303,38,495,562,2,2
0303-M,303,20,631,771,2,2
0303-M,303,23,855,1006,2,2
0303-M,303,39,1097,1203,2,2
0303-M,303,29,1293,1379,2,2
0303-M,303,48,1528,1696,2,2
0303-M,303,44,1794,1891,0,2
0303-M,303,36,1998,2085,2,2
0303-M,303,49,2180,2262,2,2
0303-M,303,45,2376,2559,2,2
0303-M,303,37,2747,2884,2,2
0303-M,303,11,3041,3076,2,2
0303-M,303,10,3443,3635,2,2
0303-M,303,13,3799,3869,2,2
0303-M,303,31,3967,4072,2,2
0303-M,303,30,4227,4397,2,2
0303-M,303,19,4508,4558,2,2
0303-M,303,43,4689,4800,2,2
0303-M,303,41,4931,4979,2,2
0303-M,303,47,5122,5262,2,2
0303-M,303,2,5393,5505,2,2
0303-M,303,9,5709,5739,2,2
0303-M,303,5,5868,5933,2,2
0303-M,303,1,6001,6060,2,2
0303-M,303,8,6223,6373,2,2
0303-R,303,38,456,523,2,3
0303-R,303,20,577,705,2,3
0303-R,303,23,771,916,2,3
0303-R,303,39,1002,1084,2,3
0303-R,303,29,1162,1246,2,3
0303-R,303,48,1373,1546,2,3
0303-R,303,44,1602,1678,0,3
0303-R,303,36,1773,1844,2,3
0303-R,303,49,1913,1994,2,3
0303-R,303,45,2083,2250,2,3
0303-R,303,37,2380,2507,2,3
0303-R,303,11,2621,2647,2,3
0303-R,303,10,2953,3120,2,3
0303-R,303,13,3241,3309,2,3
0303-R,303,31,3390,3476,2,3
0303-R,303,30,3602,3735,2,3
0303-R,303,19,3814,3862,2,3
0303-R,303,43,4014,4105,2,3
0303-R,303,41,4167,4201,2,3
0303-R,303,47,4319,4430,2,3
0303-R,303,2,4532,4620,2,3
0303-R,303,9,4787,4813,2,3
0303-R,303,5,4924,4981,2,3
0303-R,303,1,5034,5079,2,3
0303-R,303,8,5204,5324,2,3
0304-L,304,22,150,237,2,1
0304-L,304,28,401,506,2,1
0304-L,304,6,612,681,2,1
0304-L,304,3,798,941,2,1
0304-L,304,7,975,1024,2,1
0304-L,304,33,1180,1206,2,1
0304-L,304,34,1318,1335,2,1
0304-L,304,35,1490,1579,2,1
0304-L,304,38,1754,1807,2,1
0304-L,304,23,1900,2018,2,1
0304-L,304,29,2106,2186,2,1
0304-L,304,46,2340,2402,2,1
0304-L,304,50,2552,2616,2,1
0304-L,304,15,2762,2844,2,1
0304-L,304,51,3072,3214,2,1
0304-L,304,4,3363,3434,2,1
0304-L,304,25,3586,3647,2,1
0304-L,304,32,3775,3838,2,1
0304-L,304,42,3951,4040,2,1
0304-L,304,17,4186,4293,2,1
0304-L,304,40,4442,4588,2,1
0304-L,304,8,4846,4976,2,1
0304-L,304,10,5173,5383,2,1
0304-L,304,3,5535,5683,2,1
0304-M,304,22,150,237,2,2
0304-M,304,28,401,526,2,2
0304-M,304,6,611,672,2,2
0304-M,304,3,798,938,2,2
0304-M,304,7,973,1022,2,2
0304-M,304,33,1173,1203,2,2
0304-M,304,34,1321,1339,2,2
0304-M,304,35,1494,1584,2,2
0304-M,304,38,1749,1812,2,2
0304-M,304,23,1907,2028,2,2
0304-M,304,29,2114,2208,2,2
0304-M,304,46,2356,2418,2,2
0304-M,304,50,2552,2636,2,2
0304-M,304,15,2762,2858,2,2
0304-M,304,51,3095,3231,2,2
0304-M,304,4,3384,3457,2,2
0304-M,304,25,3586,3677,2,2
0304-M,304,32,3798,3861,2,2
0304-M,304,42,3975,4061,2,2
0304-M,304,17,4186,4323,2,2
0304-M,304,40,4487,4620,2,2
0304-M,304,8,4872,5002,2,2
0304-M,304,10,5201,5416,2,2
0304-M,304,3,5570,5714,2,2
0304-R,304,22,150,237,2,3
0304-R,304,28,372,453,2,3
0304-R,304,6,552,618,2,3
0304-R,304,3,714,840,2,3
0304-R,304,7,868,912,2,3
0304-R,304,33,1046,1075,2,3
0304-R,304,34,1175,1191,2,3
0304-R,304,35,1329,1410,2,3
0304-R,304,38,1549,1608,2,3
0304-R,304,23,1683,1789,2,3
0304-R,304,29,1857,1922,2,3
0304-R,304,46,2060,2106,2,3
0304-R,304,50,2211,2303,2,3
0304-R,304,15,2400,2475,2,3
0304-R,304,51,2656,2741,2,3
0304-R,304,4,2884,2947,2,3
0304-R,304,25,3055,3138,2,3
0304-R,304,32,3234,3290,2,3
0304-R,304,42,3384,3462,2,3
0304-R,304,17,3571,3666,2,3
0304-R,304,40,3783,3895,2,3
0304-R,304,8,4094,4204,2,3
0304-R,304,10,4355,4525,2,3
0304-R,304,3,4645,4762,2,3
0305-L,305,38,139,221,2,1
0305-L,305,20,289,420,2,1
0305-L,305,29,467,551,2,1
0305-L,305,44,643,731,2,1
0305-L,305,36,815,880,2,1
0305-L,305,22,902,1011,2,1
0305-L,305,45,1061,1170,2,1
0305-L,305,49,1211,1292,2,1
0305-L,305,11,1358,1410,2,1
0305-L,305,38,1581,1677,2,1
0305-L,305,39,1741,1833,2,1
0305-L,305,29,1891,1957,2,1
0305-L,305,10,2180,2510,2,1
0305-L,305,13,2565,2626,2,1
0305-L,305,31,2679,2752,2,1
0305-L,305,30,2938,3224,2,1
0305-L,305,19,3296,3380,2,1
0305-L,305,43,3468,3591,2,1
0305-L,305,41,3666,3758,2,1
0305-L,305,47,3898,4052,2,1
0305-L,305,2,4305,4474,2,1
0305-L,305,48,4588,4761,2,1
0305-L,305,37,4843,4958,2,1
0305-L,305,9,5206,5248,2,1
0305-L,305,5,5349,5418,2,1
0305-L,305,1,5507,5545,2,1
0305-L,305,8,5658,5826,2,1
0305-M,305,38,139,221,2,2
0305-M,305,20,301,419,2,2
0305-M,305,29,472,541,2,2
0305-M,305,44,639,735,2,2
0305-M,305,36,817,880,2,2
0305-M,305,22,902,1011,2,2
0305-M,305,45,1063,1177,2,2
0305-M,305,49,1212,1299,2,2
0305-M,305,11,1368,1424,2,2
0305-M,305,38,1591,1684,2,2
0305-M,305,39,1741,1837,2,2
0305-M,305,29,1895,1956,2,2
0305-M,305,10,2216,2513,2,2
0305-M,305,13,2565,2646,2,2
0305-M,305,31,2689,2759,2,2
0305-M,305,30,2973,3222,2,2
0305-M,305,19,3296,3380,2,2
0305-M,305,43,3463,3593,2,2
0305-M,305,41,3660,3752,2,2
0305-M,305,47,3889,4041,2,2
0305-M,305,2,4291,4451,2,2
0305-M,305,48,4566,4736,2,2
0305-M,305,37,4819,4930,2,2
0305-M,305,9,5167,5220,2,2
0305-M,305,5,5319,5384,2,2
0305-M,305,1,5450,5492,2,2
0305-M,305,8,5620,5786,2,2
0305-R,305,38,113,203,2,3
0305-R,305,20,277,381,2,3
0305-R,305,29,428,492,2,3
0305-R,305,44,582,661,2,3
0305-R,305,36,731,785,2,3
0305-R,305,22,832,895,2,3
0305-R,305,45,950,1065,2,3
0305-R,305,49,1079,1157,2,3
0305-R,305,11,1217,1262,2,3
0305-R,305,38,1408,1459,2,3
0305-R,305,39,1539,1629,2,3
0305-R,305,29,1675,1732,2,3
0305-R,305,10,1915,2192,2,3
0305-R,305,13,2235,2293,2,3
0305-R,305,31,2334,2391,2,3
0305-R,305,30,2544,2778,2,3
0305-R,305,19,2850,2901,2,3
0305-R,305,43,2976,3087,2,3
0305-R,305,41,3141,3210,2,3
0305-R,305,47,3332,3456,2,3
0305-R,305,2,3649,3786,2,3
0305-R,305,48,3873,4011,2,3
0305-R,305,37,4075,4193,2,3
0305-R,305,9,4356,4393,2,3
0305-R,305,5,4473,4529,2,3
0305-R,305,1,4567,4606,2,3
0305-R,305,8,4706,4846,2,3
0306-L,306,22,170,231,2,1
0306-L,306,28,372,511,2,1
0306-L,306,3,592,735,2,1
0306-L,306,6,792,906,2,1
0306-L,306,7,1048,1122,2,1
0306-L,306,33,1251,1293,2,1
0306-L,306,34,1344,1365,2,1
0306-L,306,38,1484,1563,2,1
0306-L,306,23,1626,1745,2,1
0306-L,306,29,1786,1852,2,1
0306-L,306,35,1914,2068,2,1
0306-L,306,46,2240,2310,2,1
0306-L,306,50,2426,2527,2,1
0306-L,306,15,2658,2715,2,1
0306-L,306,51,2867,3036,2,1
0306-L,306,4,3091,3163,2,1
0306-L,306,25,3250,3334,2,1
0306-L,306,32,3403,3467,2,1
0306-L,306,42,3553,3703,2,1
0306-L,306,17,3737,3810,2,1
0306-L,306,40,3938,4131,2,1
0306-M,306,22,170,302,2,2
0306-M,306,28,522,626,2,2
0306-M,306,3,729,866,2,2
0306-M,306,6,934,1044,2,2
0306-M,306,7,1185,1262,2,2
0306-M,306,33,1387,1423,2,2
0306-M,306,34,1478,1500,2,2
0306-M,306,38,1620,1698,2,2
0306-M,306,23,1760,1877,2,2
0306-M,306,29,1924,1988,2,2
0306-M,306,35,2050,2206,2,2
0306-M,306,46,2389,2448,2,2
0306-M,306,50,2576,2677,2,2
0306-M,306,15,2787,2861,2,2
0306-M,306,51,3008,3146,2,2
0306-M,306,4,3229,3301,2,2
0306-M,306,25,3391,3482,2,2
0306-M,306,32,3540,3603,2,2
0306-M,306,42,3693,3850,2,2
0306-M,306,17,3882,3968,2,2
0306-M,306,40,4077,4269,2,2
0306-R,306,22,170,266,2,3
0306-R,306,28,432,542,2,3
0306-R,306,3,638,764,2,3
0306-R,306,6,813,913,2,3
0306-R,306,7,1035,1100,2,3
0306-R,306,33,1217,1247,2,3
0306-R,306,34,1290,1308,2,3
0306-R,306,38,1403,1471,2,3
0306-R,306,23,1524,1611,2,3
0306-R,306,29,1648,1696,2,3
0306-R,306,35,1743,1870,2,3
0306-R,306,46,2001,2056,2,3
0306-R,306,50,2147,2234,2,3
0306-R,306,15,2315,2376,2,3
0306-R,306,51,2475,2572,2,3
0306-R,306,4,2637,2699,2,3
0306-R,306,25,2764,2847,2,3
0306-R,306,32,2885,2939,2,3
0306-R,306,42,3011,3135,2,3
0306-R,306,17,3165,3235,2,3
0306-R,306,40,3321,3462,2,3
0307-L,307,28,276,397,2,1
0307-L,307,7,509,599,2,1
0307-L,307,15,686,739,2,1
0307-L,307,38,827,894,2,1
0307-L,307,39,952,1040,2,1
0307-L,307,29,1196,1246,2,1
0307-L,307,13,1323,1412,2,1
0307-L,307,11,1484,1532,2,1
0307-L,307,47,1789,1937,2,1
0307-L,307,51,2089,2201,2,1
0307-L,307,3,2392,2538,2,1
0307-L,307,48,2720,3051,2,1
0307-L,307,5,3357,3469,2,1
0307-L,307,31,3645,3756,2,1
0307-L,307,19,3807,3871,2,1
0307-L,307,9,4139,4172,2,1
0307-L,307,37,4265,4419,2,1
0307-L,307,10,4633,4841,2,1
0307-L,307,38,4935,5006,2,1
0307-L,307,20,5130,5230,2,1
0307-L,307,29,5293,5348,2,1
0307-L,307,4,5430,5517,2,1
0307-L,307,40,5762,5849,2,1
0307-L,307,8,6074,6255,2,1
0307-L,307,36,6357,6430,2,1
0307-L,307,49,6534,6638,2,1
0307-M,307,28,276,415,2,2
0307-M,307,7,518,609,2,2
0307-M,307,15,686,739,2,2
0307-M,307,38,831,910,2,2
0307-M,307,39,968,1054,2,2
0307-M,307,29,1205,1254,2,2
0307-M,307,13,1323,1422,2,2
0307-M,307,11,1489,1541,2,2
0307-M,307,47,1790,1937,2,2
0307-M,307,51,2089,2201,2,2
0307-M,307,3,2392,2538,2,2
0307-M,307,48,2720,3044,2,2
0307-M,307,5,3357,3469,2,2
0307-M,307,31,3636,3748,2,2
0307-M,307,19,3807,3878,2,2
0307-M,307,9,4126,4159,2,2
0307-M,307,37,4253,4420,2,2
0307-M,307,10,4612,4824,2,2
0307-M,307,38,4918,4990,2,2
0307-M,307,20,5113,5217,2,2
0307-M,307,29,5291,5329,2,2
0307-M,307,4,5409,5493,2,2
0307-M,307,40,5738,5826,2,2
0307-M,307,8,6041,6219,2,2
0307-M,307,36,6323,6397,2,2
0307-M,307,49,6495,6595,2,2
0307-R,307,28,214,342,2,3
0307-R,307,7,430,480,2,3
0307-R,307,15,547,617,2,3
0307-R,307,38,674,734,2,3
0307-R,307,39,792,852,2,3
0307-R,307,29,979,1030,2,3
0307-R,307,13,1091,1164,2,3
0307-R,307,11,1215,1256,2,3
0307-R,307,47,1473,1599,2,3
0307-R,307,51,1730,1823,2,3
0307-R,307,3,2005,2107,2,3
0307-R,307,48,2264,2550,2,3
0307-R,307,5,2789,2864,2,3
0307-R,307,31,3021,3118,2,3
0307-R,307,19,3137,3216,2,3
0307-R,307,9,3442,3472,2,3
0307-R,307,37,3550,3675,2,3
0307-R,307,10,3850,4026,2,3
0307-R,307,38,4103,4164,2,3
0307-R,307,20,4259,4344,2,3
0307-R,307,29,4393,4438,2,3
0307-R,307,4,4506,4574,2,3
0307-R,307,40,4789,4863,2,3
0307-R,307,8,5052,5198,2,3
0307-R,307,36,5283,5364,2,3
0307-R,307,49,5426,5513,2,3
0308-L,308,42,117,217,2,1
0308-L,308,44,254,374,2,1
0308-L,308,35,397,489,2,1
0308-L,308,30,712,951,2,1
0308-L,308,43,996,1068,2,1
0308-L,308,2,1164,1288,2,1
0308-L,308,41,1353,1425,2,1
0308-L,308,32,1512,1559,2,1
0308-L,308,25,1674,1744,2,1
0308-L,308,22,1859,1931,2,1
0308-L,308,33,2073,2103,2,1
0308-L,308,34,2171,2198,2,1
0308-L,308,6,2426,2475,2,1
0308-L,308,46,2576,2623,2,1
0308-L,308,1,2738,2788,2,1
0308-L,308,45,2860,2971,2,1
0308-L,308,38,3043,3119,2,1
0308-L,308,23,3195,3325,2,1
0308-L,308,29,3371,3426,2,1
0308-L,308,50,3471,3559,2,1
0308-L,308,17,3603,3685,2,1
0308-M,308,42,148,237,2,2
0308-M,308,44,294,423,2,2
0308-M,308,35,440,582,2,2
0308-M,308,30,762,1005,2,2
0308-M,308,43,1065,1168,2,2
0308-M,308,2,1286,1363,2,2
0308-M,308,41,1435,1500,2,2
0308-M,308,32,1592,1637,2,2
0308-M,308,25,1725,1832,2,2
0308-M,308,22,1910,2011,2,2
0308-M,308,33,2147,2178,2,2
0308-M,308,34,2243,2273,2,2
0308-M,308,6,2500,2555,2,2
0308-M,308,46,2642,2692,2,2
0308-M,308,1,2804,2850,2,2
0308-M,308,45,2927,3042,2,2
0308-M,308,38,3111,3181,2,2
0308-M,308,23,3261,3387,2,2
0308-M,308,29,3440,3488,2,2
0308-M,308,50,3531,3625,2,2
0308-M,308,17,3672,3738,2,2
0308-R,308,42,140,199,2,3
0308-R,308,44,252,375,2,3
0308-R,308,35,385,481,2,3
0308-R,308,30,670,900,2,3
0308-R,308,43,950,1046,2,3
0308-R,308,2,1110,1215,2,3
0308-R,308,41,1271,1334,2,3
0308-R,308,32,1412,1449,2,3
0308-R,308,25,1492,1617,2,3
0308-R,308,22,1690,1768,2,3
0308-R,308,33,1879,1915,2,3
0308-R,308,34,1963,1990,2,3
0308-R,308,6,2174,2223,2,3
0308-R,308,46,2301,2346,2,3
0308-R,308,1,2435,2476,2,3
0308-R,308,45,2536,2644,2,3
0308-R,308,38,2681,2739,2,3
0308-R,308,23,2800,2907,2,3
0308-R,308,29,2948,2996,2,3
0308-R,308,50,3035,3102,2,3
0308-R,308,17,3144,3227,2,3
0309-L,309,16,129,258,2,1
0309-L,309,27,374,443,2,1
0309-L,309,14,516,627,2,1
0309-L,309,18,663,718,2,1
0309-L,309,24,810,901,2,1
0309-L,309,21,967,1039,2,1
0309-L,309,12,1177,1313,2,1
0309-L,309,26,1455,1520,2,1
0309-M,309,16,129,267,2,2
0309-M,309,27,376,445,2,2
0309-M,309,14,510,623,2,2
0309-M,309,18,659,714,2,2
0309-M,309,24,803,897,2,2
0309-M,309,21,966,1039,2,2
0309-M,309,12,1169,1310,2,2
0309-M,309,26,1448,1512,2,2
0309-R,309,16,104,211,2,3
0309-R,309,27,293,349,2,3
0309-R,309,14,405,496,2,3
0309-R,309,18,527,567,2,3
0309-R,309,24,640,715,2,3
0309-R,309,21,777,833,2,3
0309-R,309,12,936,1048,2,3
0309-R,309,26,1162,1216,2,3
0310-L,310,27,157,216,2,1
0310-L,310,18,304,333,2,1
0310-L,310,26,448,515,2,1
0310-L,310,16,556,696,2,1
0310-L,310,24,777,853,2,1
0310-L,310,21,955,1035,2,1
0310-L,310,12,1109,1213,2,1
0310-L,310,14,1258,1360,2,1
0310-M,310,27,171,229,2,2
0310-M,310,18,318,348,2,2
0310-M,310,26,462,528,2,2
0310-M,310,16,577,713,2,2
0310-M,310,24,790,867,2,2
0310-M,310,21,968,1046,2,2
0310-M,310,12,1118,1245,2,2
0310-M,310,14,1269,1374,2,2
0310-R,310,27,148,192,2,3
0310-R,310,18,261,282,2,3
0310-R,310,26,374,430,2,3
0310-R,310,16,468,577,2,3
0310-R,310,24,643,706,2,3
0310-R,310,21,791,856,2,3
0310-R,310,12,920,1013,2,3
0310-R,310,14,1045,1134,2,3
0311-L,311,28,130,230,2,1
0311-L,311,7,289,325,2,1
0311-L,311,15,405,465,2,1
0311-L,311,38,530,570,2,1
0311-L,311,39,655,768,2,1
0311-L,311,29,815,879,2,1
0311-L,311,13,908,994,2,1
0311-L,311,11,1069,1117,2,1
0311-L,311,47,1314,1402,2,1
0311-L,311,51,1515,1606,2,1
0311-L,311,48,2026,2256,2,1
0311-L,311,5,2310,2368,2,1
0311-L,311,31,2432,2497,2,1
0311-L,311,19,2592,2670,2,1
0311-L,311,9,2873,2897,2,1
0311-L,311,37,3004,3189,2,1
0311-L,311,10,3323,3506,2,1
0311-L,311,38,3573,3630,2,1
0311-L,311,20,3737,3825,2,1
0311-L,311,29,3864,3942,2,1
0311-L,311,4,3996,4100,2,1
0311-L,311,40,4215,4272,2,1
0311-L,311,8,4462,4637,2,1
0311-L,311,36,4685,4735,2,1
0311-L,311,49,4766,4843,2,1
0311-M,311,28,132,228,2,2
0311-M,311,7,289,327,2,2
0311-M,311,15,405,465,2,2
0311-M,311,38,516,566,2,2
0311-M,311,39,655,768,2,2
0311-M,311,29,815,874,2,2
0311-M,311,13,908,994,2,2
0311-M,311,11,1072,1116,2,2
0311-M,311,47,1310,1400,2,2
0311-M,311,51,1512,1606,2,2
0311-M,311,48,2019,2242,2,2
0311-M,311,5,2302,2359,2,2
0311-M,311,31,2427,2500,2,2
0311-M,311,19,2592,2670,2,2
0311-M,311,9,2871,2897,2,2
0311-M,311,37,3001,3180,2,2
0311-M,311,10,3318,3506,2,2
0311-M,311,38,3570,3638,2,2
0311-M,311,20,3702,3828,2,2
0311-M,311,29,3860,3919,2,2
0311-M,311,4,3992,4093,2,2
0311-M,311,40,4204,4262,2,2
0311-M,311,8,4450,4619,2,2
0311-M,311,36,4663,4717,2,2
0311-M,311,49,4750,4826,2,2
0311-R,311,28,127,204,2,3
0311-R,311,7,262,294,2,3
0311-R,311,15,359,430,2,3
0311-R,311,38,462,507,2,3
0311-R,311,39,578,677,2,3
0311-R,311,13,750,885,2,3
0311-R,311,11,939,975,2,3
0311-R,311,47,1144,1226,2,3
0311-R,311,51,1326,1402,2,3
0311-R,311,48,1770,1956,2,3
0311-R,311,5,2007,2057,2,3
0311-R,311,31,2110,2172,2,3
0311-R,311,19,2256,2317,2,3
0311-R,311,9,2476,2499,2,3
0311-R,311,37,2580,2732,2,3
0311-R,311,10,2841,2993,2,3
0311-R,311,38,3047,3107,2,3
0311-R,311,20,3155,3257,2,3
0311-R,311,29,3287,3332,2,3
0311-R,311,4,3390,3474,2,3
0311-R,311,40,3578,3618,2,3
0311-R,311,8,3765,3895,2,3
0311-R,311,36,3916,3972,2,3
0311-R,311,49,4001,4062,2,3
0312-L,312,42,196,288,2,1
0312-L,312,44,314,426,2,1
0312-L,312,30,613,807,2,1
0312-L,312,43,854,913,2,1
0312-L,312,2,1023,1133,2,1
0312-L,312,41,1220,1284,2,1
0312-L,312,32,1350,1393,2,1
0312-L,312,25,1465,1533,2,1
0312-L,312,22,1623,1708,2,1
0312-L,312,33,1798,1835,2,1
0312-L,312,6,1942,1977,2,1
0312-L,312,34,2059,2078,2,1
0312-L,312,46,2182,2216,2,1
0312-L,312,1,2308,2351,2,1
0312-L,312,45,2413,2527,2,1
0312-L,312,38,2572,2626,2,1
0312-L,312,23,2666,2812,1,1
0312-L,312,50,2980,3053,2,1
0312-L,312,17,3104,3166,2,1
0312-M,312,42,172,286,2,2
0312-M,312,44,316,428,2,2
0312-M,312,30,613,807,2,2
0312-M,312,43,855,948,2,2
0312-M,312,2,1023,1133,2,2
0312-M,312,41,1188,1300,2,2
0312-M,312,32,1353,1393,2,2
0312-M,312,25,1465,1543,2,2
0312-M,312,22,1623,1718,2,2
0312-M,312,33,1802,1834,2,2
0312-M,312,6,1944,1987,2,2
0312-M,312,34,2058,2088,2,2
0312-M,312,46,2185,2218,2,2
0312-M,312,1,2308,2351,2,2
0312-M,312,45,2415,2525,2,2
0312-M,312,38,2572,2618,2,2
0312-M,312,23,2663,2804,1,2
0312-M,312,50,2980,3053,2,2
0312-M,312,17,3104,3166,2,2
0312-R,312,42,155,254,2,3
0312-R,312,44,274,377,2,3
0312-R,312,30,535,700,2,3
0312-R,312,43,743,830,2,3
0312-R,312,2,892,986,2,3
0312-R,312,41,1063,1122,2,3
0312-R,312,32,1178,1216,2,3
0312-R,312,25,1278,1349,2,3
0312-R,312,22,1382,1485,2,3
0312-R,312,33,1562,1601,2,3
0312-R,312,6,1691,1720,2,3
0312-R,312,34,1789,1810,2,3
0312-R,312,46,1893,1920,2,3
0312-R,312,1,2001,2032,2,3
0312-R,312,45,2083,2173,2,3
0312-R,312,38,2218,2265,2,3
0312-R,312,23,2299,2412,1,3
0312-R,312,50,2546,2623,2,3
0312-R,312,17,2646,2715,2,3
0313-L,313,38,100,147,2,1
0313-L,313,20,213,391,2,1
0313-L,313,29,427,524,2,1
0313-L,313,44,568,679,2,1
0313-L,313,36,713,800,2,1
0313-L,313,45,835,937,2,1
0313-L,313,49,1010,1114,2,1
0313-L,313,11,1207,1246,2,1
0313-L,313,38,1430,1481,2,1
0313-L,313,39,1545,1628,2,1
0313-L,313,29,1679,1786,2,1
0313-L,313,10,1917,2099,2,1
0313-L,313,13,2113,2202,2,1
0313-L,313,31,2240,2302,2,1
0313-L,313,30,2413,2559,2,1
0313-L,313,19,2644,2729,2,1
0313-L,313,43,2809,2902,2,1
0313-L,313,41,2982,3062,2,1
0313-L,313,47,3162,3264,2,1
0313-L,313,2,3406,3492,2,1
0313-L,313,48,3654,3893,2,1
0313-L,313,9,4042,4073,2,1
0313-L,313,5,4166,4225,2,1
0313-L,313,1,4305,4354,2,1
0313-L,313,8,4541,4674,2,1
0313-M,313,38,113,149,2,2
0313-M,313,20,211,385,2,2
0313-M,313,29,429,511,2,2
0313-M,313,44,573,679,2,2
0313-M,313,36,713,760,2,2
0313-M,313,45,835,937,2,2
0313-M,313,49,1024,1113,2,2
0313-M,313,11,1210,1252,2,2
0313-M,313,38,1430,1492,2,2
0313-M,313,39,1551,1636,2,2
0313-M,313,29,1690,1800,2,2
0313-M,313,10,1925,2108,2,2
0313-M,313,13,2131,2232,2,2
0313-M,313,31,2256,2324,2,2
0313-M,313,30,2435,2578,2,2
0313-M,313,19,2671,2758,2,2
0313-M,313,43,2831,2953,2,2
0313-M,313,41,3002,3065,2,2
0313-M,313,47,3197,3289,2,2
0313-M,313,2,3431,3525,2,2
0313-M,313,48,3679,3895,2,2
0313-M,313,9,4070,4100,2,2
0313-M,313,5,4192,4250,2,2
0313-M,313,1,4326,4373,2,2
0313-M,313,8,4564,4697,2,2
0313-R,313,38,109,142,2,3
0313-R,313,20,192,341,2,3
0313-R,313,29,382,461,2,3
0313-R,313,44,507,606,2,3
0313-R,313,36,630,691,2,3
0313-R,313,45,736,834,2,3
0313-R,313,49,887,990,2,3
0313-R,313,11,1064,1096,2,3
0313-R,313,38,1269,1306,2,3
0313-R,313,39,1354,1423,2,3
0313-R,313,29,1480,1572,2,3
0313-R,313,10,1678,1838,2,3
0313-R,313,13,1852,1934,2,3
0313-R,313,31,1960,2019,2,3
0313-R,313,30,2116,2229,2,3
0313-R,313,19,2291,2364,2,3
0313-R,313,43,2440,2522,2,3
0313-R,313,41,2582,2629,2,3
0313-R,313,47,2746,2818,2,3
0313-R,313,2,2942,3039,2,3
0313-R,313,48,3150,3339,2,3
0313-R,313,9,3476,3502,2,3
0313-R,313,5,3574,3617,2,3
0313-R,313,1,3685,3727,2,3
0313-R,313,8,3875,3989,1,3
0314-L,314,22,115,201,2,1
0314-L,314,28,325,439,2,1
0314-L,314,37,529,801,2,1
0314-L,314,3,933,1034,2,1
0314-L,314,6,1085,1125,2,1
0314-L,314,7,1204,1245,2,1
0314-L,314,33,1397,1430,2,1
0314-L,314,34,1511,1530,2,1
0314-L,314,38,1577,1628,2,1
0314-L,314,23,1697,1822,2,1
0314-L,314,29,1880,1954,2,1
0314-L,314,35,2023,2105,2,1
0314-L,314,50,2461,2538,2,1
0314-L,314,15,2676,2751,2,1
0314-L,314,51,2911,3031,2,1
0314-L,314,4,3108,3195,2,1
0314-L,314,25,3302,3358,2,1
0314-L,314,32,3463,3523,2,1
0314-L,314,42,3681,3776,2,1
0314-L,314,17,3798,3875,2,1
0314-L,314,40,4039,4093,2,1
0314-L,314,9,4094,4129,2,1
0314-M,314,22,115,201,2,2
0314-M,314,28,325,439,2,2
0314-M,314,37,529,801,2,2
0314-M,314,3,933,1034,2,2
0314-M,314,6,1085,1117,2,2
0314-M,314,7,1200,1244,2,2
0314-M,314,33,1401,1428,2,2
0314-M,314,34,1510,1529,2,2
0314-M,314,38,1577,1628,2,2
0314-M,314,23,1697,1816,2,2
0314-M,314,29,1854,1951,2,2
0314-M,314,35,2023,2105,2,2
0314-M,314,50,2461,2538,2,2
0314-M,314,15,2676,2751,2,2
0314-M,314,51,2915,2981,2,2
0314-M,314,4,3112,3193,2,2
0314-M,314,25,3302,3358,2,2
0314-M,314,32,3468,3523,2,2
0314-M,314,42,3678,3776,2,2
0314-M,314,17,3798,3875,2,2
0314-M,314,40,4041,4100,2,2
0314-M,314,9,4104,4135,2,2
0314-R,314,22,97,161,2,3
0314-R,314,28,278,372,2,3
0314-R,314,37,456,696,2,3
0314-R,314,3,810,895,2,3
0314-R,314,6,941,982,2,3
0314-R,314,7,1048,1082,2,3
0314-R,314,33,1218,1245,2,3
0314-R,314,34,1321,1337,2,3
0314-R,314,38,1378,1425,2,3
0314-R,314,23,1485,1590,2,3
0314-R,314,29,1623,1710,2,3
0314-R,314,35,1770,1841,2,3
0314-R,314,50,2147,2238,2,3
0314-R,314,15,2345,2419,2,3
0314-R,314,51,2563,2621,2,3
0314-R,314,4,2734,2808,2,3
0314-R,314,25,2914,2968,2,3
0314-R,314,32,3058,3103,2,3
0314-R,314,42,3247,3329,2,3
0314-R,314,17,3366,3421,2,3
0314-R,314,40,3571,3621,0,3
0314-R,314,9,3622,3653,2,3
0315-L,315,28,251,410,2,1
0315-L,315,7,541,826,2,1
0315-L,315,15,905,975,2,1
0315-L,315,38,1025,1091,2,1
0315-L,315,39,1186,1387,2,1
0315-L,315,29,1450,1507,2,1
0315-L,315,13,1591,1722,2,1
0315-L,315,11,1789,1822,2,1
0315-L,315,47,2083,2294,2,1
0315-L,315,51,2529,2682,2,1
0315-L,315,3,2891,3195,2,1
0315-L,315,48,3347,3652,2,1
0315-L,315,5,3778,3863,2,1
0315-L,315,31,3910,4005,2,1
0315-L,315,19,4088,4145,2,1
0315-L,315,9,4427,4467,2,1
0315-L,315,37,4554,4738,2,1
0315-L,315,10,4881,5193,2,1
0315-L,315,38,5356,5412,2,1
0315-L,315,20,5483,5689,2,1
0315-L,315,29,5733,5799,2,1
0315-L,315,4,5840,5965,2,1
0315-L,315,40,6108,6367,2,1
0315-L,315,8,6480,6634,2,1
0315-L,315,36,6689,6751,2,1
0315-L,315,49,6849,6955,2,1
0315-M,315,28,253,408,2,2
0315-M,315,7,545,831,2,2
0315-M,315,15,905,975,2,2
0315-M,315,38,1023,1091,2,2
0315-M,315,39,1186,1383,2,2
0315-M,315,29,1450,1500,2,2
0315-M,315,13,1591,1722,2,2
0315-M,315,11,1789,1822,2,2
0315-M,315,47,2083,2286,2,2
0315-M,315,51,2529,2682,2,2
0315-M,315,3,2891,3195,2,2
0315-M,315,48,3347,3650,2,2
0315-M,315,5,3778,3855,2,2
0315-M,315,31,3905,4000,2,2
0315-M,315,19,4058,4145,2,2
0315-M,315,9,4414,4456,2,2
0315-M,315,37,4543,4724,2,2
0315-M,315,10,4859,5178,2,2
0315-M,315,38,5344,5395,2,2
0315-M,315,20,5465,5661,2,2
0315-M,315,29,5701,5756,2,2
0315-M,315,4,5812,5936,2,2
0315-M,315,40,6079,6331,2,2
0315-M,315,8,6438,6595,2,2
0315-M,315,36,6646,6706,2,2
0315-M,315,49,6810,6913,2,2
0315-R,315,28,234,367,2,3
0315-R,315,7,490,733,2,3
0315-R,315,15,818,882,2,3
0315-R,315,38,909,965,2,3
0315-R,315,39,1044,1229,2,3
0315-R,315,29,1281,1323,2,3
0315-R,315,13,1400,1525,2,3
0315-R,315,11,1576,1604,2,3
0315-R,315,47,1830,2007,2,3
0315-R,315,51,2218,2360,2,3
0315-R,315,3,2544,2811,2,3
0315-R,315,48,2947,3213,2,3
0315-R,315,5,3294,3380,2,3
0315-R,315,31,3425,3506,2,3
0315-R,315,19,3558,3617,2,3
0315-R,315,9,3871,3905,2,3
0315-R,315,37,3983,4144,2,3
0315-R,315,10,4272,4543,2,3
0315-R,315,38,4688,4738,2,3
0315-R,315,20,4801,4979,2,3
0315-R,315,29,5021,5061,2,3
0315-R,315,4,5108,5218,2,3
0315-R,315,40,5345,5566,2,3
0315-R,315,8,5661,5801,2,3
0315-R,315,36,5847,5910,2,3
0315-R,315,49,5994,6087,2,3
0316-L,316,42,161,314,2,1
0316-L,316,44,361,533,2,1
0316-L,316,35,558,675,2,1
0316-L,316,30,865,1192,2,1
0316-L,316,43,1277,1462,2,1
0316-L,316,2,1598,1844,2,1
0316-L,316,41,1943,2040,2,1
0316-L,316,32,2076,2187,2,1
0316-L,316,25,2268,2367,2,1
0316-L,316,22,2407,2492,2,1
0316-L,316,33,2555,2591,2,1
0316-L,316,6,2646,2803,2,1
0316-L,316,34,2824,2852,2,1
0316-L,316,46,3025,3193,2,1
0316-L,316,1,3312,3378,2,1
0316-L,316,45,3460,3633,2,1
0316-L,316,38,3641,3699,2,1
0316-L,316,23,3765,3947,1,1
0316-L,316,29,3982,4035,2,1
0316-L,316,50,4068,4255,2,1
0316-L,316,17,4306,4390,2,1
0316-M,316,42,161,323,2,2
0316-M,316,44,369,544,2,2
0316-M,316,35,547,674,2,2
0316-M,316,30,865,1192,2,2
0316-M,316,43,1282,1465,2,2
0316-M,316,2,1607,1858,2,2
0316-M,316,41,1957,2049,2,2
0316-M,316,32,2119,2203,2,2
0316-M,316,25,2268,2387,2,2
0316-M,316,22,2407,2502,2,2
0316-M,316,33,2567,2600,2,2
0316-M,316,6,2665,2813,2,2
0316-M,316,34,2835,2856,2,2
0316-M,316,46,3038,3206,2,2
0316-M,316,1,3333,3394,2,2
0316-M,316,45,3472,3646,2,2
0316-M,316,38,3654,3714,2,2
0316-M,316,23,3781,3957,1,2
0316-M,316,29,3997,4047,2,2
0316-M,316,50,4068,4265,2,2
0316-M,316,17,4306,4390,2,2
0316-R,316,42,117,246,2,3
0316-R,316,44,283,417,2,3
0316-R,316,35,437,531,2,3
0316-R,316,30,697,988,2,3
0316-R,316,43,1063,1216,2,3
0316-R,316,2,1350,1564,2,3
0316-R,316,41,1652,1720,2,3
0316-R,316,32,1803,1886,2,3
0316-R,316,25,1926,2035,2,3
0316-R,316,22,2057,2138,2,3
0316-R,316,33,2202,2232,2,3
0316-R,316,6,2287,2423,2,3
0316-R,316,34,2443,2470,2,3
0316-R,316,46,2617,2779,2,3
0316-R,316,1,2886,2940,2,3
0316-R,316,45,3014,3160,2,3
0316-R,316,38,3181,3233,2,3
0316-R,316,23,3292,3458,1,3
0316-R,316,29,3483,3532,2,3
0316-R,316,50,3564,3741,2,3
0316-R,316,17,3748,3859,2,3
0317-L,317,38,247,309,2,1
0317-L,317,20,380,573,2,1
0317-L,317,29,609,657,2,1
0317-L,317,44,724,896,2,1
0317-L,317,36,930,1001,2,1
0317-L,317,45,1124,1275,2,1
0317-L,317,49,1349,1453,2,1
0317-L,317,11,1512,1548,2,1
0317-L,317,38,1691,1759,2,1
0317-L,317,39,1836,1992,2,1
0317-L,317,29,2044,2105,2,1
0317-L,317,10,2209,2474,2,1
0317-L,317,13,2549,2684,2,1
0317-L,317,31,2724,2843,2,1
0317-L,317,30,2958,3311,2,1
0317-L,317,19,3381,3457,2,1
0317-L,317,43,3596,3786,2,1
0317-L,317,41,3862,3921,2,1
0317-L,317,47,4278,4476,2,1
0317-L,317,2,4568,4763,2,1
0317-L,317,48,4895,5100,2,1
0317-L,317,9,5492,5534,2,1
0317-L,317,5,5665,5760,2,1
0317-L,317,1,5888,5952,2,1
0317-L,317,8,6081,6276,2,1
0317-M,317,38,247,300,2,2
0317-M,317,20,380,561,2,2
0317-M,317,29,609,654,2,2
0317-M,317,44,714,901,2,2
0317-M,317,36,935,999,2,2
0317-M,317,45,1122,1289,2,2
0317-M,317,49,1349,1453,2,2
0317-M,317,11,1519,1561,2,2
0317-M,317,38,1691,1761,2,2
0317-M,317,39,1839,1998,2,2
0317-M,317,29,2050,2119,2,2
0317-M,317,10,2219,2492,2,2
0317-M,317,13,2549,2722,2,2
0317-M,317,31,2750,2870,2,2
0317-M,317,30,2985,3343,2,2
0317-M,317,19,3428,3508,2,2
0317-M,317,43,3632,3815,2,2
0317-M,317,41,3894,3985,2,2
0317-M,317,47,4277,4501,2,2
0317-M,317,2,4598,4790,2,2
0317-M,317,48,4930,5127,2,2
0317-M,317,9,5537,5578,2,2
0317-M,317,5,5704,5799,2,2
0317-M,317,1,5924,6003,2,2
0317-M,317,8,6119,6314,2,2
0317-R,317,38,190,243,2,3
0317-R,317,20,296,471,2,3
0317-R,317,29,490,535,2,3
0317-R,317,44,601,762,2,3
0317-R,317,36,776,839,2,3
0317-R,317,45,943,1091,2,3
0317-R,317,49,1142,1242,2,3
0317-R,317,11,1291,1322,2,3
0317-R,317,38,1444,1505,2,3
0317-R,317,39,1575,1712,2,3
0317-R,317,29,1760,1812,2,3
0317-R,317,10,1903,2145,2,3
0317-R,317,13,2216,2339,2,3
0317-R,317,31,2376,2480,2,3
0317-R,317,30,2584,2905,2,3
0317-R,317,19,2975,3035,2,3
0317-R,317,43,3158,3321,2,3
0317-R,317,41,3393,3467,2,3
0317-R,317,47,3735,3925,2,3
0317-R,317,2,4112,4286,2,3
0317-R,317,48,4308,4504,2,3
0317-R,317,9,4857,4892,2,3
0317-R,317,5,5005,5088,2,3
0317-R,317,1,5198,5261,2,3
0317-R,317,8,5369,5541,2,3
0318-L,318,22,170,257,2,1
0318-L,318,28,394,507,2,1
0318-L,318,37,570,811,2,1
0318-L,318,3,1041,1263,2,1
0318-L,318,6,1379,1447,2,1
0318-L,318,7,1566,1768,2,1
0318-L,318,33,1889,1961,2,1
0318-L,318,34,2125,2151,2,1
0318-L,318,38,2229,2307,2,1
0318-L,318,23,2420,2607,2,1
0318-L,318,29,2710,2762,2,1
0318-L,318,35,2838,2941,2,1
0318-L,318,46,3165,3355,2,1
0318-L,318,50,3459,3655,2,1
0318-L,318,15,3713,3820,2,1
0318-L,318,51,4022,4273,2,1
0318-L,318,25,4429,4597,2,1
0318-L,318,32,4616,4705,2,1
0318-L,318,42,4853,5044,2,1
0318-L,318,17,5105,5172,2,1
0318-L,318,40,5536,5804,2,1
0318-M,318,22,170,257,2,2
0318-M,318,28,394,507,2,2
0318-M,318,37,570,811,2,2
0318-M,318,3,1041,1263,2,2
0318-M,318,6,1379,1447,2,2
0318-M,318,7,1571,1773,2,2
0318-M,318,33,1901,1967,2,2
0318-M,318,34,2127,2148,2,2
0318-M,318,38,2229,2309,2,2
0318-M,318,23,2420,2604,2,2
0318-M,318,29,2700,2744,2,2
0318-M,318,35,2838,2934,2,2
0318-M,318,46,3151,3336,2,2
0318-M,318,50,3409,3655,2,2
0318-M,318,15,3713,3820,2,2
0318-M,318,51,4002,4266,2,2
0318-M,318,25,4409,4567,2,2
0318-M,318,32,4596,4679,2,2
0318-M,318,42,4827,5010,2,2
0318-M,318,17,5085,5162,2,2
0318-M,318,40,5510,5772,2,2
0318-R,318,22,120,216,2,3
0318-R,318,28,338,431,2,3
0318-R,318,37,481,669,2,3
0318-R,318,3,893,1121,2,3
0318-R,318,6,1176,1241,2,3
0318-R,318,7,1346,1524,2,3
0318-R,318,33,1639,1686,2,3
0318-R,318,34,1832,1857,2,3
0318-R,318,38,1913,1979,2,3
0318-R,318,23,2078,2242,2,3
0318-R,318,29,2324,2371,2,3
0318-R,318,35,2451,2529,2,3
0318-R,318,46,2750,2894,2,3
0318-R,318,50,2991,3178,2,3
0318-R,318,15,3235,3323,2,3
0318-R,318,51,3490,3712,2,3
0318-R,318,25,3826,4002,2,3
0318-R,318,32,4024,4104,2,3
0318-R,318,42,4231,4374,2,3
0318-R,318,17,4449,4544,2,3
0318-R,318,40,4853,5077,2,3
0319-L,319,27,195,255,2,1
0319-L,319,18,471,529,2,1
0319-L,319,26,665,750,2,1
0319-L,319,16,801,921,2,1
0319-L,319,24,955,1035,2,1
0319-L,319,21,1182,1265,2,1
0319-L,319,12,1433,1598,2,1
0319-L,319,14,1676,1764,2,1
0319-M,319,27,201,256,2,2
0319-M,319,18,471,530,2,2
0319-M,319,26,665,750,2,2
0319-M,319,16,801,921,2,2
0319-M,319,24,955,1038,2,2
0319-M,319,21,1181,1264,2,2
0319-M,319,12,1425,1602,2,2
0319-M,319,14,1671,1779,2,2
0319-R,319,27,180,227,2,3
0319-R,319,18,407,456,2,3
0319-R,319,26,571,640,2,3
0319-R,319,16,690,783,2,3
0319-R,319,24,817,888,2,3
0319-R,319,21,1011,1078,2,3
0319-R,319,12,1222,1364,2,3
0319-R,319,14,1427,1516,2,3
0320-L,320,16,255,389,2,1
0320-L,320,27,480,535,2,1
0320-L,320,14,615,712,2,1
0320-L,320,18,872,907,2,1
0320-L,320,24,1032,1118,2,1
0320-L,320,21,1206,1277,2,1
0320-L,320,12,1422,1534,2,1
0320-L,320,26,1611,1675,2,1
0320-M,320,16,255,389,2,2
0320-M,320,27,480,535,2,2
0320-M,320,14,613,716,2,2
0320-M,320,18,872,908,2,2
0320-M,320,24,1032,1118,2,2
0320-M,320,21,1206,1277,2,2
0320-M,320,12,1420,1539,2,2
0320-M,320,26,1611,1671,2,2
0320-R,320,16,218,346,2,3
0320-R,320,27,412,459,2,3
0320-R,320,14,526,615,2,3
0320-R,320,18,744,772,2,3
0320-R,320,24,879,951,2,3
0320-R,320,21,1025,1086,2,3
0320-R,320,12,1207,1308,2,3
0320-R,320,26,1372,1423,2,3
0321-L,321,28,281,405,2,1
0321-L,321,15,780,883,2,1
0321-L,321,38,944,1037,2,1
0321-L,321,39,1140,1322,2,1
0321-L,321,29,1404,1486,2,1
0321-L,321,13,1562,1675,2,1
0321-L,321,11,1808,1829,2,1
0321-L,321,47,2166,2325,2,1
0321-L,321,51,2720,2915,2,1
0321-L,321,3,3143,3339,2,1
0321-L,321,48,3478,3717,2,1
0321-L,321,5,3811,3928,2,1
0321-L,321,31,4011,4120,2,1
0321-L,321,19,4200,4272,2,1
0321-L,321,9,4581,4623,2,1
0321-L,321,37,4786,4932,2,1
0321-L,321,10,5101,5328,2,1
0321-L,321,38,5383,5447,2,1
0321-L,321,20,5552,5719,2,1
0321-L,321,29,5765,5828,2,1
0321-L,321,4,5874,5956,2,1
0321-L,321,40,6156,6492,2,1
0321-L,321,8,6642,6825,2,1
0321-L,321,49,7018,7169,2,1
0321-L,321,36,7259,7398,2,1
0321-M,321,28,281,408,2,2
0321-M,321,15,780,883,2,2
0321-M,321,38,944,1037,2,2
0321-M,321,39,1140,1326,2,2
0321-M,321,29,1404,1480,2,2
0321-M,321,13,1562,1675,2,2
0321-M,321,11,1806,1830,2,2
0321-M,321,47,2155,2316,2,2
0321-M,321,51,2710,2894,2,2
0321-M,321,3,3095,3309,2,2
0321-M,321,48,3456,3689,2,2
0321-M,321,5,3781,3893,2,2
0321-M,321,31,3978,4088,2,2
0321-M,321,19,4170,4257,2,2
0321-M,321,9,4543,4595,2,2
0321-M,321,37,4752,4886,2,2
0321-M,321,10,5061,5288,2,2
0321-M,321,38,5339,5406,2,2
0321-M,321,20,5514,5671,2,2
0321-M,321,29,5723,5780,2,2
0321-M,321,4,5830,5908,2,2
0321-M,321,40,6102,6432,2,2
0321-M,321,8,6587,6767,2,2
0321-M,321,49,6965,7115,2,2
0321-M,321,36,7210,7340,2,2
0321-R,321,28,253,370,2,3
0321-R,321,15,703,810,2,3
0321-R,321,38,856,932,2,3
0321-R,321,39,1034,1203,2,3
0321-R,321,29,1265,1335,2,3
0321-R,321,11,1628,1650,2,3
0321-R,321,47,1946,2087,2,3
0321-R,321,51,2437,2597,2,3
0321-R,321,3,2777,2981,2,3
0321-R,321,48,3119,3323,2,3
0321-R,321,5,3403,3505,2,3
0321-R,321,31,3578,3670,2,3
0321-R,321,19,3743,3808,2,3
0321-R,321,9,4084,4119,2,3
0321-R,321,37,4266,4388,2,3
0321-R,321,10,4544,4744,2,3
0321-R,321,38,4788,4840,2,3
0321-R,321,20,4945,5086,2,3
0321-R,321,29,5133,5183,2,3
0321-R,321,4,5225,5297,2,3
0321-R,321,40,5478,5770,2,3
0321-R,321,8,5898,6068,2,3
0321-R,321,49,6246,6391,2,3
0321-R,321,36,6468,6592,2,3
0322-L,322,42,247,377,2,1
0322-L,322,44,425,597,2,1
0322-L,322,35,611,696,2,1
0322-L,322,30,881,1325,2,1
0322-L,322,43,1420,1567,2,1
0322-L,322,2,1685,1966,2,1
0322-L,322,41,1989,2075,2,1
0322-L,322,32,2131,2210,2,1
0322-L,322,25,2307,2416,2,1
0322-L,322,22,2618,2710,2,1
0322-L,322,33,2807,2835,2,1
0322-L,322,6,2891,2971,2,1
0322-L,322,34,3056,3075,2,1
0322-L,322,46,3267,3405,2,1
0322-L,322,1,3494,3568,2,1
0322-L,322,45,3640,3802,2,1
0322-L,322,38,3828,3903,2,1
0322-L,322,23,3980,4132,1,1
0322-L,322,29,4219,4272,2,1
0322-L,322,50,4351,4540,2,1
0322-L,322,17,4580,4667,2,1
0322-M,322,42,230,356,2,2
0322-M,322,44,404,533,2,2
0322-M,322,35,566,661,2,2
0322-M,322,30,831,1264,2,2
0322-M,322,43,1371,1513,2,2
0322-M,322,2,1636,1905,2,2
0322-M,322,41,1928,2026,2,2
0322-M,322,32,2077,2156,2,2
0322-M,322,25,2207,2360,2,2
0322-M,322,22,2518,2640,2,2
0322-M,322,33,2732,2758,2,2
0322-M,322,6,2815,2907,2,2
0322-M,322,34,2978,2996,2,2
0322-M,322,46,3186,3323,2,2
0322-M,322,1,3412,3499,2,2
0322-M,322,45,3548,3714,2,2
0322-M,322,38,3730,3795,2,2
0322-M,322,23,3880,4026,1,2
0322-M,322,29,4104,4156,2,2
0322-M,322,50,4201,4440,2,2
0322-M,322,17,4457,4566,2,2
0322-R,322,42,272,391,2,3
0322-R,322,44,439,572,2,3
0322-R,322,35,606,684,2,3
0322-R,322,30,844,1238,2,3
0322-R,322,43,1343,1451,2,3
0322-R,322,2,1573,1812,2,3
0322-R,322,41,1830,1898,2,3
0322-R,322,32,1961,2028,2,3
0322-R,322,25,2069,2217,2,3
0322-R,322,22,2391,2472,2,3
0322-R,322,33,2557,2584,2,3
0322-R,322,6,2675,2725,2,3
0322-R,322,34,2783,2800,2,3
0322-R,322,46,2973,3093,2,3
0322-R,322,1,3188,3239,2,3
0322-R,322,45,3301,3446,2,3
0322-R,322,38,3466,3530,2,3
0322-R,322,23,3606,3739,1,3
0322-R,322,29,3811,3862,2,3
0322-R,322,50,3931,4097,2,3
0322-R,322,17,4137,4229,2,3
0323-L,323,38,132,209,2,1
0323-L,323,20,278,423,2,1
0323-L,323,29,463,530,2,1
0323-L,323,44,600,746,2,1
0323-L,323,49,1018,1144,2,1
0323-L,323,45,1205,1366,2,1
0323-L,323,36,1372,1496,2,1
0323-L,323,11,1598,1619,2,1
0323-L,323,38,1802,1860,2,1
0323-L,323,39,1940,2052,2,1
0323-L,323,29,2095,2164,2,1
0323-L,323,10,2323,2543,2,1
0323-L,323,13,2589,2700,2,1
0323-L,323,30,2960,3403,2,1
0323-L,323,19,3462,3549,2,1
0323-L,323,43,3615,3721,2,1
0323-L,323,41,3831,3935,2,1
0323-L,323,47,4065,4279,2,1
0323-L,323,2,4374,4568,2,1
0323-L,323,48,4651,4800,2,1
0323-L,323,9,5080,5116,2,1
0323-L,323,5,5215,5292,2,1
0323-L,323,1,5361,5437,2,1
0323-L,323,8,5514,5710,2,1
0323-M,323,38,132,209,2,2
0323-M,323,20,278,423,2,2
0323-M,323,29,463,530,2,2
0323-M,323,44,602,746,2,2
0323-M,323,49,1018,1145,2,2
0323-M,323,45,1210,1364,2,2
0323-M,323,36,1372,1495,2,2
0323-M,323,11,1600,1621,2,2
0323-M,323,38,1802,1860,2,2
0323-M,323,39,1940,2062,2,2
0323-M,323,29,2095,2173,2,2
0323-M,323,10,2333,2556,2,2
0323-M,323,13,2589,2730,2,2
0323-M,323,30,2982,3420,2,2
0323-M,323,19,3477,3549,2,2
0323-M,323,43,3629,3743,2,2
0323-M,323,41,3853,3944,2,2
0323-M,323,47,4084,4293,2,2
0323-M,323,2,4392,4592,2,2
0323-M,323,48,4682,4860,2,2
0323-M,323,9,5110,5151,2,2
0323-M,323,5,5242,5317,2,2
0323-M,323,1,5388,5454,2,2
0323-M,323,8,5537,5744,2,2
0323-R,323,38,128,200,2,3
0323-R,323,20,258,398,2,3
0323-R,323,29,423,482,2,3
0323-R,323,44,542,675,2,3
0323-R,323,49,913,1025,2,3
0323-R,323,45,1083,1220,2,3
0323-R,323,36,1229,1343,2,3
0323-R,323,11,1430,1457,2,3
0323-R,323,38,1613,1666,2,3
0323-R,323,39,1742,1843,2,3
0323-R,323,29,1875,1943,2,3
0323-R,323,10,2090,2284,2,3
0323-R,323,13,2322,2436,2,3
0323-R,323,30,2675,3071,2,3
0323-R,323,19,3128,3196,2,3
0323-R,323,43,3261,3353,2,3
0323-R,323,41,3453,3528,2,3
0323-R,323,47,3672,3860,2,3
0323-R,323,2,3950,4128,2,3
0323-R,323,48,4205,4373,2,3
0323-R,323,9,4594,4630,2,3
0323-R,323,5,4712,4781,2,3
0323-R,323,1,4846,4908,2,3
0323-R,323,8,4983,5169,2,3
0324-L,324,22,177,275,2,1
0324-L,324,28,375,481,2,1
0324-L,324,37,681,835,2,1
0324-L,324,3,926,1083,2,1
0324-L,324,6,1113,1212,2,1
0324-L,324,7,1276,1348,2,1
0324-L,324,33,1422,1446,2,1
0324-L,324,34,1513,1533,2,1
0324-L,324,38,1617,1673,2,1
0324-L,324,23,1738,1876,2,1
0324-L,324,29,1926,1989,2,1
0324-L,324,35,2041,2119,2,1
0324-L,324,46,2288,2492,2,1
0324-L,324,50,2556,2719,2,1
0324-L,324,15,2788,2860,2,1
0324-L,324,51,3031,3223,2,1
0324-L,324,4,3295,3401,2,1
0324-L,324,25,3484,3566,2,1
0324-L,324,32,3585,3673,2,1
0324-L,324,42,3759,3873,2,1
0324-L,324,17,3910,4026,2,1
0324-L,324,40,4159,4438,2,1
0324-M,324,22,177,304,2,2
0324-M,324,28,406,503,2,2
0324-M,324,37,604,878,2,2
0324-M,324,3,947,1094,2,2
0324-M,324,6,1133,1233,2,2
0324-M,324,7,1294,1366,2,2
0324-M,324,33,1436,1462,2,2
0324-M,324,34,1532,1551,2,2
0324-M,324,38,1623,1697,2,2
0324-M,324,23,1748,1894,2,2
0324-M,324,29,1933,1994,2,2
0324-M,324,35,2051,2129,2,2
0324-M,324,46,2298,2499,2,2
0324-M,324,50,2556,2739,2,2
0324-M,324,15,2788,2860,2,2
0324-M,324,51,3006,3218,2,2
0324-M,324,4,3295,3393,2,2
0324-M,324,25,3464,3566,2,2
0324-M,324,32,3575,3665,2,2
0324-M,324,42,3745,3868,2,2
0324-M,324,17,3910,4026,2,2
0324-M,324,40,4142,4417,2,2
0324-R,324,22,177,304,2,3
0324-R,324,28,364,457,2,3
0324-R,324,37,545,680,2,3
0324-R,324,3,853,989,2,3
0324-R,324,6,1017,1035,2,3
0324-R,324,7,1161,1224,2,3
0324-R,324,33,1291,1313,2,3
0324-R,324,34,1373,1388,2,3
0324-R,324,38,1457,1514,2,3
0324-R,324,23,1566,1696,2,3
0324-R,324,29,1734,1794,2,3
0324-R,324,35,1841,1909,2,3
0324-R,324,46,2060,2242,2,3
0324-R,324,50,2292,2458,2,3
0324-R,324,15,2469,2585,2,3
0324-R,324,51,2738,2885,2,3
0324-R,324,4,2956,3041,2,3
0324-R,324,25,3112,3204,2,3
0324-R,324,32,3212,3289,2,3
0324-R,324,42,3368,3468,2,3
0324-R,324,17,3505,3594,2,3
0324-R,324,40,3720,3966,2,3
0325-L,325,28,200,320,2,1
0325-L,325,7,464,541,2,1
0325-L,325,15,823,902,2,1
0325-L,325,38,1008,1083,2,1
0325-L,325,39,1156,1318,2,1
0325-L,325,29,1369,1454,2,1
0325-L,325,35,1565,1676,2,1
0325-L,325,13,1816,1874,2,1
0325-L,325,11,1997,2027,2,1
0325-L,325,47,2292,2454,2,1
0325-L,325,51,2691,2793,2,1
0325-L,325,3,2978,3124,2,1
0325-L,325,48,3319,3649,2,1
0325-L,325,5,3741,3819,2,1
0325-L,325,31,3878,3960,2,1
0325-L,325,19,4020,4069,2,1
0325-L,325,37,4435,4704,2,1
0325-L,325,10,4902,5019,2,1
0325-L,325,38,5156,5232,2,1
0325-L,325,20,5328,5433,2,1
0325-L,325,29,5446,5499,2,1
0325-L,325,4,5690,5746,2,1
0325-L,325,40,5908,6174,2,1
0325-L,325,8,6361,6450,2,1
0325-L,325,49,6631,6722,2,1
0325-L,325,36,6784,6880,2,1
0325-M,325,28,198,326,2,2
0325-M,325,7,465,546,2,2
0325-M,325,15,823,902,2,2
0325-M,325,38,1027,1084,2,2
0325-M,325,39,1156,1318,2,2
0325-M,325,29,1387,1459,2,2
0325-M,325,35,1574,1682,2,2
0325-M,325,13,1816,1874,2,2
0325-M,325,11,2009,2055,2,2
0325-M,325,47,2308,2472,2,2
0325-M,325,51,2708,2818,2,2
0325-M,325,3,3007,3153,2,2
0325-M,325,48,3365,3696,2,2
0325-M,325,5,3784,3847,2,2
0325-M,325,31,3921,3999,2,2
0325-M,325,19,4020,4123,2,2
0325-M,325,37,4480,4751,2,2
0325-M,325,10,4942,5065,2,2
0325-M,325,38,5199,5274,2,2
0325-M,325,20,5373,5487,2,2
0325-M,325,29,5492,5541,2,2
0325-M,325,4,5732,5788,2,2
0325-M,325,40,5945,6213,2,2
0325-M,325,8,6395,6491,2,2
0325-M,325,49,6674,6761,2,2
0325-M,325,36,6825,6921,2,2
0325-R,325,28,197,294,2,3
0325-R,325,7,419,491,2,3
0325-R,325,15,725,815,2,3
0325-R,325,38,897,969,2,3
0325-R,325,39,1028,1172,2,3
0325-R,325,29,1222,1293,2,3
0325-R,325,35,1395,1488,2,3
0325-R,325,13,1615,1682,2,3
0325-R,325,11,1782,1813,2,3
0325-R,325,47,2042,2184,2,3
0325-R,325,51,2398,2495,2,3
0325-R,325,3,2668,2800,2,3
0325-R,325,48,2990,3295,2,3
0325-R,325,5,3363,3427,2,3
0325-R,325,31,3489,3565,2,3
0325-R,325,19,3624,3676,2,3
0325-R,325,37,3998,4234,2,3
0325-R,325,10,4406,4513,2,3
0325-R,325,38,4635,4706,2,3
0325-R,325,20,4786,4885,2,3
0325-R,325,29,4895,4932,2,3
0325-R,325,4,5106,5158,2,3
0325-R,325,40,5300,5538,2,3
0325-R,325,8,5704,5784,2,3
0325-R,325,49,5948,6022,2,3
0325-R,325,36,6077,6159,2,3
0326-L,326,42,147,265,1,1
0326-L,326,44,365,461,2,1
0326-L,326,35,601,714,2,1
0326-L,326,30,970,1157,2,1
0326-L,326,43,1413,1500,2,1
0326-L,326,2,1830,1967,2,1
0326-L,326,41,2177,2264,2,1
0326-L,326,32,2395,2446,2,1
0326-L,326,25,2632,2701,2,1
0326-L,326,22,2908,3006,2,1
0326-L,326,33,3186,3216,2,1
0326-L,326,6,3348,3415,2,1
0326-L,326,34,3577,3598,2,1
0326-L,326,46,3888,3951,2,1
0326-L,326,1,4141,4200,2,1
0326-L,326,45,4343,4443,2,1
0326-L,326,38,4610,4693,2,1
0326-L,326,23,4797,4965,1,1
0326-L,326,29,5065,5114,2,1
0326-L,326,50,5240,5349,2,1
0326-L,326,17,5495,5603,2,1
0326-M,326,42,144,273,1,2
0326-M,326,44,374,474,2,2
0326-M,326,35,603,714,2,2
0326-M,326,30,956,1155,2,2
0326-M,326,43,1413,1506,2,2
0326-M,326,2,1830,1967,2,2
0326-M,326,41,2184,2260,2,2
0326-M,326,32,2395,2446,2,2
0326-M,326,25,2632,2711,2,2
0326-M,326,22,2908,3006,2,2
0326-M,326,33,3187,3217,2,2
0326-M,326,6,3354,3422,2,2
0326-M,326,34,3582,3607,2,2
0326-M,326,46,3894,3955,2,2
0326-M,326,1,4141,4193,2,2
0326-M,326,45,4340,4445,2,2
0326-M,326,38,4610,4686,2,2
0326-M,326,23,4797,4921,1,2
0326-M,326,29,5056,5113,2,2
0326-M,326,50,5240,5349,2,2
0326-M,326,17,5485,5603,2,2
0326-R,326,42,107,192,1,3
0326-R,326,44,273,351,2,3
0326-R,326,35,467,561,2,3
0326-R,326,1,3580,3628,2,3
0326-R,326,30,777,946,2,3
0326-R,326,43,1167,1248,2,3
0326-R,326,2,1533,1650,2,3
0326-R,326,41,1843,1903,2,3
0326-R,326,32,2023,2072,2,3
0326-R,326,25,2222,2298,2,3
0326-R,326,22,2486,2562,2,3
0326-R,326,33,2722,2751,2,3
0326-R,326,6,2871,2928,2,3
0326-R,326,34,3077,3093,2,3
0326-R,326,46,3351,3411,2,3
0326-R,326,45,3758,3849,2,3
0326-R,326,38,4001,4071,2,3
0326-R,326,23,4169,4283,1,3
0326-R,326,29,4402,4446,2,3
0326-R,326,50,4553,4651,2,3
0326-R,326,17,4766,4877,2,3
0327-L,327,38,130,198,2,1
0327-L,327,20,314,442,2,1
0327-L,327,29,530,589,2,1
0327-L,327,44,744,848,2,1
0327-L,327,49,1018,1108,2,1
0327-L,327,45,1298,1396,2,1
0327-L,327,36,1468,1554,2,1
0327-L,327,11,1743,1786,2,1
0327-L,327,38,2015,2087,2,1
0327-L,327,39,2183,2294,2,1
0327-L,327,29,2396,2460,2,1
0327-L,327,10,2646,2788,2,1
0327-L,327,13,2937,3040,2,1
0327-L,327,31,3179,3247,2,1
0327-L,327,30,3483,3677,2,1
0327-L,327,19,3838,3900,2,1
0327-L,327,43,4063,4139,2,1
0327-L,327,41,4328,4405,2,1
0327-L,327,47,4589,4725,2,1
0327-L,327,2,4921,5043,2,1
0327-L,327,48,5251,5588,2,1
0327-L,327,9,5707,5735,2,1
0327-L,327,5,5884,5955,2,1
0327-L,327,1,6061,6112,2,1
0327-L,327,8,6296,6396,2,1
0327-M,327,38,133,212,2,2
0327-M,327,20,314,442,2,2
0327-M,327,29,530,589,2,2
0327-M,327,44,744,840,2,2
0327-M,327,49,1011,1102,2,2
0327-M,327,45,1250,1373,2,2
0327-M,327,36,1468,1554,2,2
0327-M,327,11,1740,1787,2,2
0327-M,327,38,2015,2087,2,2
0327-M,327,39,2183,2294,2,2
0327-M,327,29,2396,2460,2,2
0327-M,327,10,2673,2819,2,2
0327-M,327,13,3007,3077,2,2
0327-M,327,31,3216,3287,2,2
0327-M,327,30,3534,3737,2,2
0327-M,327,19,3806,3971,2,2
0327-M,327,43,4128,4210,2,2
0327-M,327,41,4405,4481,2,2
0327-M,327,47,4667,4800,2,2
0327-M,327,2,5006,5123,2,2
0327-M,327,48,5333,5646,2,2
0327-M,327,9,5782,5811,2,2
0327-M,327,5,5980,6038,2,2
0327-M,327,1,6145,6202,2,2
0327-M,327,8,6372,6472,2,2
0327-R,327,38,105,179,2,3
0327-R,327,20,272,389,2,3
0327-R,327,29,460,522,2,3
0327-R,327,44,654,724,2,3
0327-R,327,49,895,974,2,3
0327-R,327,45,1101,1202,2,3
0327-R,327,36,1295,1368,2,3
0327-R,327,11,1539,1574,2,3
0327-R,327,38,1780,1850,2,3
0327-R,327,39,1934,2039,2,3
0327-R,327,29,2130,2188,2,3
0327-R,327,10,2361,2488,2,3
0327-R,327,13,2655,2721,2,3
0327-R,327,31,2842,2910,2,3
0327-R,327,30,3132,3307,2,3
0327-R,327,19,3450,3509,2,3
0327-R,327,43,3653,3729,2,3
0327-R,327,41,3899,3945,2,3
0327-R,327,47,4124,4245,2,3
0327-R,327,2,4424,4534,2,3
0327-R,327,48,4725,5011,2,3
0327-R,327,9,5121,5151,2,3
0327-R,327,5,5283,5346,2,3
0327-R,327,1,5442,5497,2,3
0327-R,327,8,5645,5737,2,3
0328-L,328,22,144,245,2,1
0328-L,328,28,439,553,2,1
0328-L,328,37,708,891,2,1
0328-L,328,3,1105,1209,2,1
0328-L,328,6,1363,1447,2,1
0328-L,328,7,1606,1678,2,1
0328-L,328,33,1845,1880,2,1
0328-L,328,34,2045,2064,2,1
0328-L,328,38,2236,2310,2,1
0328-L,328,23,2442,2579,2,1
0328-L,328,29,2682,2739,2,1
0328-L,328,35,2918,3023,2,1
0328-L,328,46,3218,3284,2,1
0328-L,328,50,3407,3519,2,1
0328-L,328,15,3612,3706,2,1
0328-L,328,51,4098,4212,2,1
0328-L,328,4,4376,4440,2,1
0328-L,328,25,4649,4698,2,1
0328-L,328,32,4865,4919,2,1
0328-L,328,42,5159,5240,2,1
0328-L,328,17,5386,5467,2,1
0328-L,328,40,5661,5825,2,1
0328-M,328,22,144,245,2,2
0328-M,328,28,439,558,2,2
0328-M,328,37,708,895,2,2
0328-M,328,3,1105,1217,2,2
0328-M,328,6,1369,1443,2,2
0328-M,328,7,1613,1688,2,2
0328-M,328,33,1864,1895,2,2
0328-M,328,34,2059,2081,2,2
0328-M,328,38,2255,2338,2,2
0328-M,328,23,2496,2621,2,2
0328-M,328,29,2732,2796,2,2
0328-M,328,35,2975,3085,2,2
0328-M,328,46,3294,3364,2,2
0328-M,328,50,3520,3608,2,2
0328-M,328,15,3735,3819,2,2
0328-M,328,51,4207,4309,2,2
0328-M,328,4,4491,4555,2,2
0328-M,328,25,4756,4825,2,2
0328-M,328,32,4983,5029,2,2
0328-M,328,42,5272,5365,2,2
0328-M,328,17,5498,5611,2,2
0328-M,328,40,5786,5942,2,2
0328-R,328,22,124,202,2,3
0328-R,328,28,330,428,2,3
0328-R,328,37,570,735,2,3
0328-R,328,3,912,1005,2,3
0328-R,328,6,1132,1199,2,3
0328-R,328,7,1340,1390,2,3
0328-R,328,33,1537,1575,2,3
0328-R,328,34,1716,1735,2,3
0328-R,328,38,1894,1982,2,3
0328-R,328,23,2088,2227,2,3
0328-R,328,29,2313,2372,2,3
0328-R,328,35,2529,2625,2,3
0328-R,328,46,2818,2876,2,3
0328-R,328,50,3000,3102,2,3
0328-R,328,15,3211,3287,2,3
0328-R,328,51,3636,3729,2,3
0328-R,328,4,3892,3949,2,3
0328-R,328,25,4135,4194,2,3
0328-R,328,32,4334,4380,2,3
0328-R,328,42,4598,4678,2,3
0328-R,328,17,4801,4893,2,3
0328-R,328,40,5055,5197,2,3
0329-L,329,27,182,326,2,1
0329-L,329,18,484,525,2,1
0329-L,329,26,670,731,2,1
0329-L,329,16,818,954,2,1
0329-L,329,24,1116,1169,2,1
0329-L,329,21,1326,1394,2,1
0329-L,329,12,1556,1678,2,1
0329-L,329,14,1820,1903,2,1
0329-M,329,27,195,326,2,2
0329-M,329,18,484,525,2,2
0329-M,329,26,670,737,2,2
0329-M,329,16,830,959,2,2
0329-M,329,24,1116,1168,2,2
0329-M,329,21,1314,1395,2,2
0329-M,329,12,1550,1683,2,2
0329-M,329,14,1820,1903,2,2
0329-R,329,27,173,281,2,3
0329-R,329,18,410,446,2,3
0329-R,329,26,566,622,2,3
0329-R,329,16,700,804,2,3
0329-R,329,24,940,965,2,3
0329-R,329,21,1107,1174,2,3
0329-R,329,12,1306,1416,2,3
0329-R,329,14,1536,1605,2,3
0330-L,330,16,68,169,2,1
0330-L,330,27,315,371,2,1
0330-L,330,14,516,592,2,1
0330-L,330,18,710,747,2,1
0330-L,330,24,918,975,2,1
0330-L,330,21,1169,1230,2,1
0330-L,330,12,1437,1532,2,1
0330-L,330,26,1764,1816,1,1
0330-M,330,16,68,169,2,2
0330-M,330,27,315,371,2,2
0330-M,330,14,516,592,2,2
0330-M,330,18,710,747,2,2
0330-M,330,24,918,978,2,2
0330-M,330,21,1165,1224,2,2
0330-M,330,12,1431,1528,2,2
0330-M,330,26,1745,1799,1,2
0330-R,330,16,74,156,2,3
0330-R,330,27,279,326,2,3
0330-R,330,14,452,522,2,3
0330-R,330,18,613,642,2,3
0330-R,330,24,785,837,2,3
0330-R,330,21,1000,1049,2,3
0330-R,330,12,1221,1305,2,3
0330-R,330,26,1501,1548,1,3
0331-L,331,28,125,219,2,1
0331-L,331,7,296,409,2,1
0331-L,331,15,532,604,2,1
0331-L,331,38,746,825,2,1
0331-L,331,39,933,1079,2,1
0331-L,331,29,1139,1213,2,1
0331-L,331,13,1328,1409,2,1
0331-L,331,11,1512,1534,1,1
0331-L,331,47,1791,1951,2,1
0331-L,331,51,2120,2258,2,1
0331-L,331,3,2376,2534,2,1
0331-L,331,48,2704,2898,2,1
0331-L,331,5,3089,3214,2,1
0331-L,331,31,3297,3407,2,1
0331-L,331,19,3471,3567,2,1
0331-L,331,22,3696,3773,2,1
0331-L,331,9,3786,3798,2,1
0331-L,331,37,3969,4055,2,1
0331-L,331,10,4233,4385,2,1
0331-L,331,38,4503,4571,2,1
0331-L,331,20,4674,4787,2,1
0331-L,331,29,4859,4912,2,1
0331-L,331,4,5016,5111,2,1
0331-L,331,40,5242,5426,2,1
0331-L,331,8,5610,5762,2,1
0331-L,331,36,5876,5922,2,1
0331-L,331,49,6056,6121,2,1
0331-M,331,28,118,221,2,2
0331-M,331,7,301,414,2,2
0331-M,331,15,532,614,2,2
0331-M,331,38,746,829,2,2
0331-M,331,39,933,1056,2,2
0331-M,331,29,1139,1214,2,2
0331-M,331,13,1328,1419,2,2
0331-M,331,11,1510,1542,1,2
0331-M,331,47,1779,1936,2,2
0331-M,331,51,2099,2241,2,2
0331-M,331,3,2357,2516,2,2
0331-M,331,48,2683,2871,2,2
0331-M,331,5,3073,3183,2,2
0331-M,331,31,3284,3399,2,2
0331-M,331,19,3471,3567,2,2
0331-M,331,22,3696,3773,2,2
0331-M,331,9,3781,3794,2,2
0331-M,331,37,4011,4055,2,2
0331-M,331,10,4231,4390,2,2
0331-M,331,38,4503,4578,2,2
0331-M,331,20,4680,4798,2,2
0331-M,331,29,4869,4922,2,2
0331-M,331,4,5024,5119,2,2
0331-M,331,40,5247,5431,2,2
0331-M,331,8,5612,5765,2,2
0331-M,331,36,5879,5920,2,2
0331-M,331,49,6056,6121,2,2
0331-R,331,28,124,215,2,3
0331-R,331,7,277,375,2,3
0331-R,331,15,476,562,2,3
0331-R,331,38,669,742,2,3
0331-R,331,39,839,946,2,3
0331-R,331,29,1021,1089,2,3
0331-R,331,13,1177,1275,2,3
0331-R,331,11,1348,1367,1,3
0331-R,331,47,1595,1734,2,3
0331-R,331,51,1887,2011,2,3
0331-R,331,3,2116,2261,2,3
0331-R,331,48,2406,2589,2,3
0331-R,331,5,2748,2853,2,3
0331-R,331,31,2935,3039,2,3
0331-R,331,19,3101,3180,2,3
0331-R,331,22,3305,3376,2,3
0331-R,331,9,3384,3398,2,3
0331-R,331,37,3547,3619,2,3
0331-R,331,10,3787,3922,2,3
0331-R,331,38,4026,4093,2,3
0331-R,331,20,4185,4289,2,3
0331-R,331,29,4352,4394,2,3
0331-R,331,4,4492,4574,2,3
0331-R,331,40,4689,4852,2,3
0331-R,331,8,5012,5151,2,3
0331-R,331,49,5406,5460,2,3
0331-R,331,36,5250,5300,2,3
0332-L,332,42,144,266,2,1
0332-L,332,44,378,521,2,1
0332-L,332,35,629,721,2,1
0332-L,332,30,947,1153,2,1
0332-L,332,43,1307,1443,2,1
0332-L,332,2,1575,1807,2,1
0332-L,332,41,1945,2052,1,1
0332-L,332,32,2162,2268,2,1
0332-L,332,25,2404,2518,2,1
0332-L,332,22,2711,2824,2,1
0332-L,332,33,2973,3006,2,1
0332-L,332,6,3229,3326,2,1
0332-L,332,34,3412,3426,2,1
0332-L,332,46,3748,3862,2,1
0332-L,332,1,4047,4091,2,1
0332-L,332,45,4253,4422,2,1
0332-L,332,38,4566,4644,2,1
0332-L,332,23,4805,4998,1,1
0332-L,332,29,5162,5196,2,1
0332-L,332,50,5326,5366,1,1
0332-L,332,17,5690,5768,2,1
0332-M,332,42,179,309,2,2
0332-M,332,44,438,573,2,2
0332-M,332,35,687,779,2,2
0332-M,332,30,996,1215,2,2
0332-M,332,43,1371,1511,2,2
0332-M,332,2,1643,1806,2,2
0332-M,332,41,1975,2104,1,2
0332-M,332,32,2229,2339,2,2
0332-M,332,25,2404,2648,2,2
0332-M,332,22,2761,2914,2,2
0332-M,332,33,3041,3064,2,2
0332-M,332,6,3297,3376,2,2
0332-M,332,34,3476,3496,2,2
0332-M,332,46,3773,3932,2,2
0332-M,332,1,4117,4166,2,2
0332-M,332,45,4323,4481,2,2
0332-M,332,38,4633,4715,2,2
0332-M,332,23,4871,5066,1,2
0332-M,332,29,5207,5259,2,2
0332-M,332,50,5326,5636,1,2
0332-M,332,17,5740,5838,2,2
0332-R,332,42,154,256,2,3
0332-R,332,44,370,491,2,3
0332-R,332,35,583,660,2,3
0332-R,332,30,846,1014,2,3
0332-R,332,43,1147,1264,2,3
0332-R,332,2,1379,1540,2,3
0332-R,332,41,1696,1809,1,3
0332-R,332,32,1914,2011,2,3
0332-R,332,25,2155,2291,2,3
0332-R,332,22,2422,2498,2,3
0332-R,332,33,2639,2667,2,3
0332-R,332,6,2874,2945,2,3
0332-R,332,34,3040,3055,2,3
0332-R,332,46,3321,3453,2,3
0332-R,332,1,3613,3662,2,3
0332-R,332,45,3799,3949,2,3
0332-R,332,38,4070,4141,2,3
0332-R,332,23,4281,4454,1,3
0332-R,332,29,4580,4630,2,3
0332-R,332,50,4767,4960,1,3
0332-R,332,17,5054,5126,2,3
0333-L,333,38,117,188,2,1
0333-L,333,20,367,525,2,1
0333-L,333,29,646,697,2,1
0333-L,333,44,867,1011,2,1
0333-L,333,36,1127,1182,2,1
0333-L,333,45,1353,1475,2,1
0333-L,333,49,1579,1646,2,1
0333-L,333,11,1840,1880,2,1
0333-L,333,38,2169,2243,2,1
0333-L,333,39,2351,2469,2,1
0333-L,333,29,2583,2650,2,1
0333-L,333,10,2798,2972,2,1
0333-L,333,13,3072,3247,2,1
0333-L,333,31,3346,3501,2,1
0333-L,333,30,3621,3872,2,1
0333-L,333,19,3873,4036,2,1
0333-L,333,43,4197,4397,2,1
0333-L,333,41,4529,4608,2,1
0333-L,333,47,4820,4998,2,1
0333-L,333,2,5140,5337,2,1
0333-L,333,48,5493,5650,2,1
0333-L,333,9,5855,5866,2,1
0333-L,333,5,5884,5955,2,1
0333-L,333,1,6074,6170,2,1
0333-L,333,8,6466,6620,2,1
0333-M,333,38,117,194,2,2
0333-M,333,20,364,531,2,2
0333-M,333,29,645,693,2,2
0333-M,333,44,865,1007,2,2
0333-M,333,36,1127,1187,2,2
0333-M,333,45,1351,1470,2,2
0333-M,333,49,1579,1642,2,2
0333-M,333,11,1840,1885,2,2
0333-M,333,38,2169,2240,2,2
0333-M,333,39,2351,2466,2,2
0333-M,333,29,2583,2645,2,2
0333-M,333,10,2786,2951,2,2
0333-M,333,13,3072,3227,2,2
0333-M,333,31,3303,3466,2,2
0333-M,333,30,3561,3800,2,2
0333-M,333,19,3873,3967,2,2
0333-M,333,43,4108,4302,2,2
0333-M,333,41,4438,4506,2,2
0333-M,333,47,4723,4904,2,2
0333-M,333,2,5034,5241,2,2
0333-M,333,48,5389,5553,2,2
0333-M,333,9,5753,5768,2,2
0333-M,333,5,5978,6074,2,2
0333-M,333,1,6174,6220,2,2
0333-M,333,8,6356,6507,2,2
0333-R,333,38,118,186,2,3
0333-R,333,20,340,497,2,3
0333-R,333,29,588,634,2,3
0333-R,333,44,789,922,2,3
0333-R,333,36,1026,1076,2,3
0333-R,333,45,1223,1339,2,3
0333-R,333,49,1423,1487,2,3
0333-R,333,11,1661,1698,2,3
0333-R,333,38,1965,2034,2,3
0333-R,333,39,2126,2236,2,3
0333-R,333,29,2336,2390,2,3
0333-R,333,10,2529,2685,2,3
0333-R,333,13,2785,2934,2,3
0333-R,333,31,3016,3154,2,3
0333-R,333,30,3265,3496,2,3
0333-R,333,19,3592,3647,2,3
0333-R,333,43,3786,3958,2,3
0333-R,333,41,4085,4181,2,3
0333-R,333,47,4334,4496,2,3
0333-R,333,2,4620,4797,2,3
0333-R,333,48,4930,5062,2,3
0333-R,333,9,5251,5262,2,3
0333-R,333,5,5447,5532,2,3
0333-R,333,1,5615,5658,2,3
0333-R,333,8,5782,5919,2,3
0334-L,334,22,153,225,2,1
0334-L,334,28,418,513,2,1
0334-L,334,37,685,784,2,1
0334-L,334,3,999,1171,2,1
0334-L,334,6,1344,1405,2,1
0334-L,334,7,1590,1725,2,1
0334-L,334,33,1886,1915,2,1
0334-L,334,34,2107,2123,2,1
0334-L,334,38,2333,2407,2,1
0334-L,334,23,2587,2755,2,1
0334-L,334,29,2867,2923,2,1
0334-L,334,35,3099,3179,2,1
0334-L,334,46,3389,3485,2,1
0334-L,334,50,3634,3783,2,1
0334-L,334,15,3963,4042,2,1
0334-L,334,51,4315,4448,2,1
0334-L,334,4,4609,4719,2,1
0334-L,334,25,4860,4970,2,1
0334-L,334,32,5103,5232,2,1
0334-L,334,42,5408,5569,2,1
0334-L,334,17,5709,5787,2,1
0334-L,334,40,5973,6177,2,1
0334-M,334,22,153,235,2,2
0334-M,334,28,415,509,2,2
0334-M,334,37,685,784,2,2
0334-M,334,3,999,1174,2,2
0334-M,334,6,1347,1405,2,2
0334-M,334,7,1593,1726,2,2
0334-M,334,33,1887,1910,2,2
0334-M,334,34,2108,2131,2,2
0334-M,334,38,2338,2412,2,2
0334-M,334,23,2591,2767,2,2
0334-M,334,29,2884,2939,2,2
0334-M,334,35,3117,3197,2,2
0334-M,334,46,3415,3516,2,2
0334-M,334,50,3634,3843,2,2
0334-M,334,15,4023,4142,2,2
0334-M,334,51,4373,4503,2,2
0334-M,334,4,4665,4777,2,2
0334-M,334,25,4905,5040,2,2
0334-M,334,32,5154,5283,2,2
0334-M,334,42,5455,5609,2,2
0334-M,334,17,5749,5847,2,2
0334-M,334,40,6012,6211,2,2
0334-R,334,22,122,187,2,3
0334-R,334,28,333,406,2,3
0334-R,334,37,545,634,2,3
0334-R,334,3,822,956,2,3
0334-R,334,6,1111,1163,2,3
0334-R,334,7,1322,1433,2,3
0334-R,334,33,1573,1601,2,3
0334-R,334,34,1777,1792,2,3
0334-R,334,38,1978,2043,2,3
0334-R,334,23,2203,2349,2,3
0334-R,334,29,2450,2500,2,3
0334-R,334,35,2655,2719,2,3
0334-R,334,46,2916,3008,2,3
0334-R,334,50,3136,3292,2,3
0334-R,334,15,3421,3536,2,3
0334-R,334,51,3767,3882,2,3
0334-R,334,4,4024,4118,2,3
0334-R,334,25,4237,4351,2,3
0334-R,334,32,4458,4567,2,3
0334-R,334,42,4721,4876,2,3
0334-R,334,17,4980,5074,2,3
0334-R,334,40,5210,5388,2,3
